Description,Incident #,Location,Agency,incident_datetime,incident_date,incident_month,incident_day_of_week,incident_time_24hr_clock,time_ampm,street_address,city,state,postalcode,lat,long
POSSIBLE ASSAULT,GO 202155171,800 BLK UNION AV,Bakersfield Police,3/24/2021 7:06,3/24/2021,March,Wednesday, 7:06,AM,850 UNION AV,Bakersfield,CA,93301,35.36505,-119.002945
DRUG-AMPHETAMINE-POSSESSION,GO 202168598,800 BLK CHESTER AV,Bakersfield Police,4/12/2021 8:37,4/12/2021,April,Monday, 8:37,AM,850 CHESTER AV,Bakersfield,CA,93301,35.365097,-119.01885
POSSIBLE ASSAULT,GO 202167365,800 BLK CHESTER AV,Bakersfield Police,4/10/2021 12:59,4/10/2021,April,Saturday,12:59,PM,850 CHESTER AV,Bakersfield,CA,93301,35.365097,-119.01885
BURGLARY-FORCED-BUSINESS,GO 202153751,800 BLK CHESTER AV,Bakersfield Police,3/22/2021 6:54,3/22/2021,March,Monday, 6:54,AM,850 CHESTER AV,Bakersfield,CA,93301,35.365097,-119.01885
AUTO THEFT,GO 202157586,800 BLK WALLACE ST,Bakersfield Police,3/27/2021 14:12,3/27/2021,March,Saturday,14:12,PM,850 WALLACE ST,Bakersfield,CA,93301,35.365208,-119.00174
BURGLARY-FORCED-BUSINESS,GO 202158760,1000 BLK CHESTER AV,Bakersfield Police,3/29/2021 3:00,3/29/2021,March,Monday, 3:00,AM,1050 CHESTER AV,Bakersfield,CA,93301,35.366993,-119.01885
AUTO THEFT,GO 202161395,1100 BLK PERSHING ST,Bakersfield Police,4/1/2021 7:00,4/1/2021,April,Thursday, 7:00,AM,1150 PERSHING ST,Bakersfield,CA,93301,35.367893,-119.00422
AGG ASSAULT-WEAPON,GO 202157545,1100 BLK CHESTER AV,Bakersfield Police,3/27/2021 12:59,3/27/2021,March,Saturday,12:59,PM,1150 CHESTER AV,Bakersfield,CA,93301,35.367985,-119.01883
FRAUD,GO 2021802433,1100 BLK OLEANDER AV,Bakersfield Police,4/7/2021 10:31,4/7/2021,April,Wednesday,10:31,AM,1150 OLEANDER AV,Bakersfield,CA,93301,35.368084,-119.02541
THEFT-CATALYTIC CONVERTER,GO 202157581,600 BLK E CALIFORNIA AV,Bakersfield Police,3/27/2021 9:45,3/27/2021,March,Saturday, 9:45,AM,650 E CALIFORNIA AV,Bakersfield,CA,93301,35.368454,-119.00892
AUTO THEFT,GO 202170281,1300 BLK CHESTER AV,Bakersfield Police,4/14/2021 12:58,4/14/2021,April,Wednesday,12:58,PM,1350 CHESTER AV,Bakersfield,CA,93301,35.36997,-119.01882
DRUG-AMPHETAMINE-POSSESSION,GO 202160814,1300 BLK CHESTER AV,Bakersfield Police,4/1/2021 2:19,4/1/2021,April,Thursday, 2:19,AM,1350 CHESTER AV,Bakersfield,CA,93301,35.36997,-119.01882
WEAPON-FIRING,GO 202160814,1300 BLK CHESTER AV,Bakersfield Police,4/1/2021 2:19,4/1/2021,April,Thursday, 2:19,AM,1350 CHESTER AV,Bakersfield,CA,93301,35.36997,-119.01882
DRUG-PARAPHERNALIA POSSESSION,GO 202160814,1300 BLK CHESTER AV,Bakersfield Police,4/1/2021 2:19,4/1/2021,April,Thursday, 2:19,AM,1350 CHESTER AV,Bakersfield,CA,93301,35.36997,-119.01882
VANDALISM-PRIVATE PROPERTY,GO 202164872,1300 BLK EYE ST,Bakersfield Police,4/6/2021 22:04,4/6/2021,April,Tuesday,22:04,PM,1350 EYE ST,Bakersfield,CA,93301,35.36997,-119.02004
ROBBERY-CARJACKING-ARMED,GO 202165682,400 BLK CHICO ST,Bakersfield Police,4/8/2021 3:30,4/8/2021,April,Thursday, 3:30,AM,450 CHICO ST,Bakersfield,CA,93301,35.371506,-118.998985
WEAPON-POSSESS MISD,GO 202158484,1400 BLK H ST,Bakersfield Police,3/28/2021 19:40,3/28/2021,March,Sunday,19:40,PM,1450 H ST,Bakersfield,CA,93301,35.371693,-119.0212
THEFT-CATALYTIC CONVERTER,GO 202167545,600 BLK EUREKA ST,Bakersfield Police,4/10/2021 11:10,4/10/2021,April,Saturday,11:10,AM,650 EUREKA ST,Bakersfield,CA,93301,35.37287,-118.99514
VANDALISM-PRIVATE PROPERTY,GO 202167199,600 BLK TRUXTUN AV,Bakersfield Police,4/10/2021 4:30,4/10/2021,April,Saturday, 4:30,AM,650 TRUXTUN AV,Bakersfield,CA,93301,35.373306,-119.00877
AUTO THEFT,GO 202156715,600 BLK TRUXTUN AV,Bakersfield Police,3/25/2021 21:00,3/25/2021,March,Thursday,21:00,PM,650 TRUXTUN AV,Bakersfield,CA,93301,35.373306,-119.00877
THEFT-CATALYTIC CONVERTER,GO 202170394,800 BLK TRUXTUN AV,Bakersfield Police,4/14/2021 0:00,4/14/2021,April,Wednesday, 0:00,AM,850 TRUXTUN AV,Bakersfield,CA,93301,35.373318,-119.01119
BURG-VEH (THEFT OF NON-PARTS),GO 2021802214,800 BLK TRUXTUN AV,Bakersfield Police,3/26/2021 20:40,3/26/2021,March,Friday,20:40,PM,850 TRUXTUN AV,Bakersfield,CA,93301,35.373318,-119.01119
AUTO THEFT,GO 202156549,800 BLK TRUXTUN AV,Bakersfield Police,3/25/2021 23:45,3/25/2021,March,Thursday,23:45,PM,850 TRUXTUN AV,Bakersfield,CA,93301,35.373318,-119.01119
THEFT-BICYCLE,GO 202164770,1200 BLK TRUXTUN AV,Bakersfield Police,4/6/2021 18:54,4/6/2021,April,Tuesday,18:54,PM,1250 TRUXTUN AV,Bakersfield,CA,93301,35.373333,-119.015854
THEFT-BICYCLE,GO 202164423,1400 BLK TRUXTUN AV,Bakersfield Police,4/6/2021 9:44,4/6/2021,April,Tuesday, 9:44,AM,1450 TRUXTUN AV,Bakersfield,CA,93301,35.37334,-119.01821
DRUG-AMPHETAMINE-POSSESSION,GO 202159523,1400 BLK TRUXTUN AV,Bakersfield Police,3/30/2021 10:38,3/30/2021,March,Tuesday,10:38,AM,1450 TRUXTUN AV,Bakersfield,CA,93301,35.37334,-119.01821
AUTO THEFT,GO 202158616,2200 BLK TRUXTUN AV,Bakersfield Police,3/29/2021 0:20,3/29/2021,March,Monday, 0:20,AM,2250 TRUXTUN AV,Bakersfield,CA,93301,35.373375,-119.02762
THEFT-CATALYTIC CONVERTER,GO 202163163,1600 BLK EYE ST,Bakersfield Police,4/3/2021 18:57,4/3/2021,April,Saturday,18:57,PM,1650 EYE ST,Bakersfield,CA,93301,35.37342,-119.020035
THEFT,GO 2021802280,1600 BLK CHESTER AV,Bakersfield Police,3/31/2021 12:44,3/31/2021,March,Wednesday,12:44,PM,1650 CHESTER AV,Bakersfield,CA,93301,35.373844,-119.01881
BURG-VEH (THEFT OF NON-PARTS),GO 2021802487,200 BLK EUREKA ST,Bakersfield Police,4/9/2021 17:00,4/9/2021,April,Friday,17:00,PM,250 EUREKA ST,Bakersfield,CA,93301,35.374313,-119.00115
THEFT-FROM UNLOCKED VEHICLE,GO 202164510,1900 BLK 17TH ST,Bakersfield Police,4/6/2021 10:00,4/6/2021,April,Tuesday,10:00,AM,1950 17TH ST,Bakersfield,CA,93301,35.37436,-119.024124
DRUG-AMPHETAMINE-POSSESSION,GO 202168692,1700 BLK UNION AV,Bakersfield Police,4/12/2021 10:35,4/12/2021,April,Monday,10:35,AM,1750 UNION AV,Bakersfield,CA,93301,35.374912,-119.0029
BURG-VEH (THEFT OF NON-PARTS),GO 202163603,100 BLK E 18TH ST,Bakersfield Police,4/4/2021 22:30,4/4/2021,April,Sunday,22:30,PM,150 E 18TH ST,Bakersfield,CA,93301,35.375237,-119.003456
AGG ASSAULT-WEAPON,GO 202153700,200 BLK E 18TH ST,Bakersfield Police,3/22/2021 2:20,3/22/2021,March,Monday, 2:20,AM,250 E 18TH ST,Bakersfield,CA,93301,35.37524,-119.004265
AUTO THEFT,GO 202157321,300 BLK E 18TH ST,Bakersfield Police,3/26/2021 23:00,3/26/2021,March,Friday,23:00,PM,350 E 18TH ST,Bakersfield,CA,93301,35.375244,-119.00561
ASSAULT-SIMPLE,GO 202164351,1600 BLK 18TH ST,Bakersfield Police,4/6/2021 8:15,4/6/2021,April,Tuesday, 8:15,AM,1650 18TH ST,Bakersfield,CA,93301,35.375298,-119.02062
BURG-VEH (THEFT OF NON-PARTS),GO 202158293,1600 BLK 18TH ST,Bakersfield Police,3/27/2021 22:00,3/27/2021,March,Saturday,22:00,PM,1650 18TH ST,Bakersfield,CA,93301,35.375298,-119.02062
AUTO THEFT,GO 202157428,1700 BLK 18TH ST,Bakersfield Police,3/26/2021 20:20,3/26/2021,March,Friday,20:20,PM,1750 18TH ST,Bakersfield,CA,93301,35.375305,-119.02179
THEFT,GO 202170689,1800 BLK 18TH ST,Bakersfield Police,4/15/2021 4:20,4/15/2021,April,Thursday, 4:20,AM,1850 18TH ST,Bakersfield,CA,93301,35.37531,-119.02295
WEAPON-POSSESS MISD,GO 202169162,1800 BLK 18TH ST,Bakersfield Police,4/12/2021 22:29,4/12/2021,April,Monday,22:29,PM,1850 18TH ST,Bakersfield,CA,93301,35.37531,-119.02295
BURGLARY-FORCED-BUSINESS,GO 202169276,2100 BLK 18TH ST,Bakersfield Police,4/12/2021 17:00,4/12/2021,April,Monday,17:00,PM,2150 18TH ST,Bakersfield,CA,93301,35.37532,-119.02644
BURGLARY-FORCED-RESIDENCE,GO 202165927,2300 BLK 18TH ST,Bakersfield Police,4/8/2021 12:15,4/8/2021,April,Thursday,12:15,PM,2350 18TH ST,Bakersfield,CA,93301,35.375328,-119.02877
BURG-VEH (THEFT OF NON-PARTS),GO 202167835,1800 BLK M ST,Bakersfield Police,4/10/2021 22:50,4/10/2021,April,Saturday,22:50,PM,1850 M ST,Bakersfield,CA,93301,35.375504,-119.01526
AUTO THEFT,GO 202167973,100 BLK 19TH ST,Bakersfield Police,4/10/2021 23:00,4/10/2021,April,Saturday,23:00,PM,150 19TH ST,Bakersfield,CA,93301,35.37619,-119.00345
ASSAULT-SIMPLE,GO 202166115,100 BLK 19TH ST,Bakersfield Police,4/8/2021 17:10,4/8/2021,April,Thursday,17:10,PM,150 19TH ST,Bakersfield,CA,93301,35.37619,-119.00345
AUTO THEFT,GO 202154492,500 BLK E 19TH ST,Bakersfield Police,3/22/2021 16:00,3/22/2021,March,Monday,16:00,PM,550 E 19TH ST,Bakersfield,CA,93301,35.376198,-119.00731
BURGLARY-FORCED-BUSINESS,GO 202154492,500 BLK E 19TH ST,Bakersfield Police,3/22/2021 16:00,3/22/2021,March,Monday,16:00,PM,550 E 19TH ST,Bakersfield,CA,93301,35.376198,-119.00731
AGG ASSAULT-WEAPON,GO 202159475,600 BLK 19TH ST,Bakersfield Police,3/30/2021 9:19,3/30/2021,March,Tuesday, 9:19,AM,650 19TH ST,Bakersfield,CA,93301,35.376198,-119.00868
THEFT-CATALYTIC CONVERTER,GO 202168610,600 BLK E 19TH ST,Bakersfield Police,4/10/2021 19:30,4/10/2021,April,Saturday,19:30,PM,650 E 19TH ST,Bakersfield,CA,93301,35.376198,-119.0087
ASSAULT-SIMPLE,GO 202168022,1100 BLK 19TH ST,Bakersfield Police,4/11/2021 10:30,4/11/2021,April,Sunday,10:30,AM,1150 19TH ST,Bakersfield,CA,93301,35.376217,-119.01469
ASSAULT-SIMPLE,GO 202161383,1100 BLK 19TH ST,Bakersfield Police,4/1/2021 20:00,4/1/2021,April,Thursday,20:00,PM,1150 19TH ST,Bakersfield,CA,93301,35.376217,-119.01469
THEFT,GO 202154603,1100 BLK 19TH ST,Bakersfield Police,3/22/2021 21:00,3/22/2021,March,Monday,21:00,PM,1150 19TH ST,Bakersfield,CA,93301,35.376217,-119.01469
ROBBERY-BUSINESS-ID WEAPON,GO 202161535,1200 BLK 19TH ST,Bakersfield Police,4/2/2021 2:00,4/2/2021,April,Friday, 2:00,AM,1250 19TH ST,Bakersfield,CA,93301,35.37622,-119.01585
THEFT,GO 202157764,1200 BLK 19TH ST,Bakersfield Police,3/27/2021 19:19,3/27/2021,March,Saturday,19:19,PM,1250 19TH ST,Bakersfield,CA,93301,35.37622,-119.01585
FRAUD-BY WIRE,GO 2021802517,1400 BLK 19TH ST,Bakersfield Police,4/7/2021 8:07,4/7/2021,April,Wednesday, 8:07,AM,1450 19TH ST,Bakersfield,CA,93301,35.37623,-119.01821
THEFT-FROM UNLOCKED VEHICLE,GO 2021802158,1400 BLK 19TH ST,Bakersfield Police,3/24/2021 11:45,3/24/2021,March,Wednesday,11:45,AM,1450 19TH ST,Bakersfield,CA,93301,35.37623,-119.01821
THEFT-CATALYTIC CONVERTER,GO 202166156,1900 BLK 19TH ST,Bakersfield Police,4/7/2021 8:05,4/7/2021,April,Wednesday, 8:05,AM,1950 19TH ST,Bakersfield,CA,93301,35.376263,-119.024055
THEFT-CATALYTIC CONVERTER,GO 202155732,1900 BLK 19TH ST,Bakersfield Police,3/24/2021 16:40,3/24/2021,March,Wednesday,16:40,PM,1950 19TH ST,Bakersfield,CA,93301,35.376263,-119.024055
THEFT,GO 202165898,2200 BLK 19TH ST,Bakersfield Police,4/8/2021 11:47,4/8/2021,April,Thursday,11:47,AM,2250 19TH ST,Bakersfield,CA,93301,35.376278,-119.0276
THEFT-CATALYTIC CONVERTER,GO 2021802278,1900 BLK Q ST,Bakersfield Police,3/27/2021 11:00,3/27/2021,March,Saturday,11:00,AM,1950 Q ST,Bakersfield,CA,93301,35.376675,-119.01059
AUTO THEFT,GO 202166059,300 BLK 20TH ST,Bakersfield Police,4/8/2021 6:50,4/8/2021,April,Thursday, 6:50,AM,350 20TH ST,Bakersfield,CA,93301,35.37712,-119.00529
AUTO THEFT,GO 202154538,400 BLK 20TH ST,Bakersfield Police,3/22/2021 17:10,3/22/2021,March,Monday,17:10,PM,450 20TH ST,Bakersfield,CA,93301,35.377125,-119.00602
BURGLARY-FORCED-BUSINESS,GO 202153732,1600 BLK 20TH ST,Bakersfield Police,3/22/2021 6:00,3/22/2021,March,Monday, 6:00,AM,1650 20TH ST,Bakersfield,CA,93301,35.37718,-119.020615
BURGLARY-FORCED-BUSINESS,GO 202165679,2000 BLK R ST,Bakersfield Police,4/8/2021 3:31,4/8/2021,April,Thursday, 3:31,AM,2050 R ST,Bakersfield,CA,93301,35.37762,-119.00943
DRUG OFFENSE,GO 202170241,200 BLK BLK E 21ST ST,Bakersfield Police,4/14/2021 11:37,4/14/2021,April,Wednesday,11:37,AM,250 BLK E 21ST ST,Bakersfield,CA,93301,35.378086,-119.00398
DRUG-PARAPHERNALIA POSSESSION,GO 202157419,1500 BLK 21ST ST,Bakersfield Police,3/27/2021 8:34,3/27/2021,March,Saturday, 8:34,AM,1550 21ST ST,Bakersfield,CA,93301,35.378128,-119.01941
BURGLARY-FORCED-BUSINESS,GO 202154508,2100 BLK P ST,Bakersfield Police,3/22/2021 13:00,3/22/2021,March,Monday,13:00,PM,2150 P ST,Bakersfield,CA,93301,35.378582,-119.01174
ASSAULT-SIMPLE,GO 202165391,2100 BLK CHESTER AV,Bakersfield Police,4/7/2021 14:30,4/7/2021,April,Wednesday,14:30,PM,2150 CHESTER AV,Bakersfield,CA,93301,35.3786,-119.01878
WEAPON-POSSESS MISD,GO 202153781,2100 BLK CHESTER AV,Bakersfield Police,3/22/2021 8:17,3/22/2021,March,Monday, 8:17,AM,2150 CHESTER AV,Bakersfield,CA,93301,35.3786,-119.01878
DRUG-HEROIN-POSSESSION,GO 202168001,300 BLK BLK 22ND ST,Bakersfield Police,4/11/2021 9:56,4/11/2021,April,Sunday, 9:56,AM,350 BLK 22ND ST,Bakersfield,CA,93301,35.37905,-119.00526
DRUG-PARAPHERNALIA POSSESSION,GO 202168001,300 BLK BLK 22ND ST,Bakersfield Police,4/11/2021 9:56,4/11/2021,April,Sunday, 9:56,AM,350 BLK 22ND ST,Bakersfield,CA,93301,35.37905,-119.00526
DRUG-AMPHETAMINE-POSSESSION,GO 202159114,1300 BLK 22ND ST,Bakersfield Police,3/29/2021 18:32,3/29/2021,March,Monday,18:32,PM,1350 22ND ST,Bakersfield,CA,93301,35.37907,-119.01699
DRUG OFFENSE,GO 202159114,1300 BLK 22ND ST,Bakersfield Police,3/29/2021 18:32,3/29/2021,March,Monday,18:32,PM,1350 22ND ST,Bakersfield,CA,93301,35.37907,-119.01699
DRUG OFFENSE,GO 202159114,1300 BLK 22ND ST,Bakersfield Police,3/29/2021 18:32,3/29/2021,March,Monday,18:32,PM,1350 22ND ST,Bakersfield,CA,93301,35.37907,-119.01699
ASSAULT-SIMPLE,GO 202165316,2200 BLK 22ND ST,Bakersfield Police,4/7/2021 14:30,4/7/2021,April,Wednesday,14:30,PM,2250 22ND ST,Bakersfield,CA,93301,35.379135,-119.02759
THEFT-CATALYTIC CONVERTER,GO 202156745,2200 BLK Q ST,Bakersfield Police,3/25/2021 7:00,3/25/2021,March,Thursday, 7:00,AM,2250 Q ST,Bakersfield,CA,93301,35.379528,-119.01059
BURGLARY-FORCED-BUSINESS,GO 202164996,2200 BLK F ST,Bakersfield Police,3/31/2021 17:00,3/31/2021,March,Wednesday,17:00,PM,2250 F ST,Bakersfield,CA,93301,35.3796,-119.02349
AUTO THEFT,GO 202170708,2200 BLK FOUNDRY PL,Bakersfield Police,4/15/2021 0:00,4/15/2021,April,Thursday, 0:00,AM,2250 FOUNDRY PL,Bakersfield,CA,93301,35.37964,-119.0079
THEFT,GO 202159164,1800 BLK 23RD ST,Bakersfield Police,3/29/2021 19:44,3/29/2021,March,Monday,19:44,PM,1850 23RD ST,Bakersfield,CA,93301,35.38007,-119.02293
AGG ASSAULT-FAMILY ID WEAPON,GO 202156317,2300 BLK CHESTER AV,Bakersfield Police,3/25/2021 16:23,3/25/2021,March,Thursday,16:23,PM,2350 CHESTER AV,Bakersfield,CA,93301,35.380524,-119.01878
WEAPON-POSSESS MISD,GO 202155262,2300 BLK L ST,Bakersfield Police,3/24/2021 9:30,3/24/2021,March,Wednesday, 9:30,AM,2350 L ST,Bakersfield,CA,93301,35.38061,-119.01639
AUTO THEFT,GO 202170818,600 BLK 24TH ST,Bakersfield Police,4/15/2021 8:00,4/15/2021,April,Thursday, 8:00,AM,650 24TH ST,Bakersfield,CA,93301,35.38097,-119.00873
THEFT-CATALYTIC CONVERTER,GO 202155304,1700 BLK 24TH ST,Bakersfield Police,3/22/2021 23:00,3/22/2021,March,Monday,23:00,PM,1750 24TH ST,Bakersfield,CA,93301,35.381012,-119.02176
BURG-VEH (THEFT OF NON-PARTS),GO 202160007,2400 BLK CHESTER AV,Bakersfield Police,3/30/2021 21:45,3/30/2021,March,Tuesday,21:45,PM,2450 CHESTER AV,Bakersfield,CA,93301,35.381477,-119.018776
ROBBERY-STREET-STRONGARM,GO 202154634,2500 BLK M ST,Bakersfield Police,3/23/2021 11:42,3/23/2021,March,Tuesday,11:42,AM,2550 M ST,Bakersfield,CA,93301,35.382347,-119.01523
WEAPON-POSSESS MISD,GO 202169977,2500 BLK K ST,Bakersfield Police,4/13/2021 23:23,4/13/2021,April,Tuesday,23:23,PM,2550 K ST,Bakersfield,CA,93301,35.38242,-119.01755
AGG ASSAULT-WEAPON,GO 202169977,2500 BLK K ST,Bakersfield Police,4/13/2021 23:23,4/13/2021,April,Tuesday,23:23,PM,2550 K ST,Bakersfield,CA,93301,35.38242,-119.01755
ASSAULT-SIMPLE,GO 202165085,2500 BLK K ST,Bakersfield Police,4/7/2021 9:38,4/7/2021,April,Wednesday, 9:38,AM,2550 K ST,Bakersfield,CA,93301,35.38242,-119.01755
AGG ASSAULT-WEAPON,GO 202165085,2500 BLK K ST,Bakersfield Police,4/7/2021 9:38,4/7/2021,April,Wednesday, 9:38,AM,2550 K ST,Bakersfield,CA,93301,35.38242,-119.01755
AUTO THEFT,GO 202157517,2500 BLK UNION AV,Bakersfield Police,3/26/2021 0:00,3/26/2021,March,Friday, 0:00,AM,2550 UNION AV,Bakersfield,CA,93301,35.382862,-119.002815
THEFT-FROM PERSON/POCKET PICK,GO 202156761,2600 BLK H ST,Bakersfield Police,3/25/2021 16:30,3/25/2021,March,Thursday,16:30,PM,2650 H ST,Bakersfield,CA,93301,35.3834,-119.02114
AGG ASSAULT-FAMILY ID WEAPON,GO 202165099,2600 BLK L ST,Bakersfield Police,4/5/2021 12:00,4/5/2021,April,Monday,12:00,PM,2650 L ST,Bakersfield,CA,93301,35.383476,-119.01638
AUTO THEFT,GO 202163282,100 BLK W NILES ST,Bakersfield Police,4/4/2021 13:00,4/4/2021,April,Sunday,13:00,PM,150 W NILES ST,Bakersfield,CA,93301,35.38397,-118.99987
BURGLARY-FORCED-RESIDENCE,GO 202163435,700 BLK ESPEE ST,Bakersfield Police,3/28/2021 23:00,3/28/2021,March,Sunday,23:00,PM,750 ESPEE ST,Bakersfield,CA,93301,35.384296,-119.01033
THEFT-CATALYTIC CONVERTER,GO 202154827,2700 BLK M ST,Bakersfield Police,3/23/2021 8:05,3/23/2021,March,Tuesday, 8:05,AM,2750 M ST,Bakersfield,CA,93301,35.38431,-119.01521
ASSAULT-SIMPLE,GO 202160394,1800 BLK 28TH ST,Bakersfield Police,3/31/2021 13:47,3/31/2021,March,Wednesday,13:47,PM,1850 28TH ST,Bakersfield,CA,93301,35.38483,-119.02281
WEAPON-POSSESS MISD,GO 202157662,1000 BLK ESPEE ST,Bakersfield Police,3/27/2021 16:41,3/27/2021,March,Saturday,16:41,PM,1050 ESPEE ST,Bakersfield,CA,93301,35.385883,-119.01305
THEFT,GO 202168994,2900 BLK M ST,Bakersfield Police,4/12/2021 17:43,4/12/2021,April,Monday,17:43,PM,2950 M ST,Bakersfield,CA,93301,35.38622,-119.015205
HOMICIDE-NONFAMILY-GUN,GO 202159263,700 BLK 30TH ST,Bakersfield Police,3/29/2021 23:09,3/29/2021,March,Monday,23:09,PM,750 30TH ST,Bakersfield,CA,93301,35.38647,-119.01002
AGG ASSAULT-WEAPON,GO 202159263,700 BLK 30TH ST,Bakersfield Police,3/29/2021 23:09,3/29/2021,March,Monday,23:09,PM,750 30TH ST,Bakersfield,CA,93301,35.38647,-119.01002
AGG ASSAULT-NONFAMILY-ID WPN,GO 202163632,3100 BLK PANAMA ST,Bakersfield Police,4/5/2021 5:20,4/5/2021,April,Monday, 5:20,AM,3150 PANAMA ST,Bakersfield,CA,93301,35.38815,-119.01176
BURGLARY-FORCED-RESIDENCE,GO 202163632,3100 BLK PANAMA ST,Bakersfield Police,4/5/2021 5:20,4/5/2021,April,Monday, 5:20,AM,3150 PANAMA ST,Bakersfield,CA,93301,35.38815,-119.01176
THEFT-FROM YARD,GO 202164290,1300 BLK 32ND ST,Bakersfield Police,4/5/2021 16:30,4/5/2021,April,Monday,16:30,PM,1350 32ND ST,Bakersfield,CA,93301,35.388615,-119.01683
BURGLARY-FORCED-NON-RESIDENCE,GO 202164290,1300 BLK 32ND ST,Bakersfield Police,4/5/2021 16:30,4/5/2021,April,Monday,16:30,PM,1350 32ND ST,Bakersfield,CA,93301,35.388615,-119.01683
BURG-VEH (THEFT OF NON-PARTS),GO 2021802045,0 BLK MONTEREY ST,Bakersfield Police,3/27/2021 0:00,3/27/2021,March,Saturday, 0:00,AM,15 BLK MONTEREY ST,Bakersfield,CA,93301,35.3828518,-119.004334
AUTO THEFT,GO 202165753,1000 BLK M ST,Bakersfield Police,4/8/2021 2:00,4/8/2021,April,Thursday, 2:00,AM,1050 M ST,Bakersfield,CA,93301,35.3671524,-119.0171851
TRAFFIC-DUI ALCOHOL MISDEMEANR,GO 202162701,1000 BLK O ST,Bakersfield Police,4/3/2021 18:27,4/3/2021,April,Saturday,18:27,PM,1050 O ST,Bakersfield,CA,93301,35.3672899,-119.0148757
ROBBERY-RESIDENCE-ID WEAPON,GO 202161984,1000 BLK S TULARE ST,Bakersfield Police,4/2/2021 14:00,4/2/2021,April,Friday,14:00,PM,1050 S TULARE ST,Bakersfield,CA,93301,35.3669376,-119.0015834
ASSAULT-SIMPLE,GO 202170706,1100 BLK UNION AV,Bakersfield Police,4/15/2021 5:30,4/15/2021,April,Thursday, 5:30,AM,1150 UNION AV,Bakersfield,CA,93301,35.3682532,-119.0046347
THEFT,GO 202170706,1100 BLK UNION AV,Bakersfield Police,4/15/2021 5:30,4/15/2021,April,Thursday, 5:30,AM,1150 UNION AV,Bakersfield,CA,93301,35.3682532,-119.0046347
DRUG-AMPHETAMINE-UTI,GO 202167944,1100 BLK UNION AV,Bakersfield Police,4/11/2021 6:40,4/11/2021,April,Sunday, 6:40,AM,1150 UNION AV,Bakersfield,CA,93301,35.3682532,-119.0046347
AUTO THEFT,GO 202163969,1100 BLK UNION AV,Bakersfield Police,4/5/2021 14:18,4/5/2021,April,Monday,14:18,PM,1150 UNION AV,Bakersfield,CA,93301,35.3682532,-119.0046347
BURG-VEH (NO LOSS/ATT THEFT),GO 202163969,1100 BLK UNION AV,Bakersfield Police,4/5/2021 14:18,4/5/2021,April,Monday,14:18,PM,1150 UNION AV,Bakersfield,CA,93301,35.3682532,-119.0046347
WEAPON-POSSESS MISD,GO 202163581,1100 BLK UNION AV,Bakersfield Police,4/5/2021 1:01,4/5/2021,April,Monday, 1:01,AM,1150 UNION AV,Bakersfield,CA,93301,35.3682532,-119.0046347
DRUG-AMPHETAMINE-POSSESSION,GO 202158309,1100 BLK UNION AV,Bakersfield Police,3/28/2021 14:34,3/28/2021,March,Sunday,14:34,PM,1150 UNION AV,Bakersfield,CA,93301,35.3682532,-119.0046347
AUTO THEFT,GO 202156328,1100 BLK UNION AV,Bakersfield Police,3/25/2021 16:00,3/25/2021,March,Thursday,16:00,PM,1150 UNION AV,Bakersfield,CA,93301,35.3682532,-119.0046347
DRUG-COCAINE-POSSESSION,GO 202169196,1200 BLK 23RD ST,Bakersfield Police,4/12/2021 23:44,4/12/2021,April,Monday,23:44,PM,1250 23RD ST,Bakersfield,CA,93301,35.3800316,-119.0180341
TRAFFIC-DUI ALCOHOL MISDEMEANR,GO 202169196,1200 BLK 23RD ST,Bakersfield Police,4/12/2021 23:44,4/12/2021,April,Monday,23:44,PM,1250 23RD ST,Bakersfield,CA,93301,35.3800316,-119.0180341
POSSIBLE ASSAULT,GO 202164593,1200 BLK UNION AV,Bakersfield Police,4/6/2021 14:15,4/6/2021,April,Tuesday,14:15,PM,1250 UNION AV,Bakersfield,CA,93301,35.3685807,-119.005036
AUTO THEFT,GO 202169072,1300 BLK 23RD ST,Bakersfield Police,4/12/2021 20:00,4/12/2021,April,Monday,20:00,PM,1350 23RD ST,Bakersfield,CA,93301,35.3802451,-119.0195096
DRUG-AMPHETAMINE-SALES,GO 202169909,1300 BLK CALIFORNIA AV,Bakersfield Police,4/13/2021 21:11,4/13/2021,April,Tuesday,21:11,PM,1350 CALIFORNIA AV,Bakersfield,CA,93301,35.3687396,-119.0196231
SEX-PROSTITUTION,GO 202163419,1400 BLK 23RD ST,Bakersfield Police,4/4/2021 19:47,4/4/2021,April,Sunday,19:47,PM,1450 23RD ST,Bakersfield,CA,93301,35.380045,-119.0205111
LIQUOR,GO 202163419,1400 BLK 23RD ST,Bakersfield Police,4/4/2021 19:47,4/4/2021,April,Sunday,19:47,PM,1450 23RD ST,Bakersfield,CA,93301,35.380045,-119.0205111
THEFT-CATALYTIC CONVERTER,GO 202156643,1400 BLK 24TH ST,Bakersfield Police,3/26/2021 4:30,3/26/2021,March,Friday, 4:30,AM,1450 24TH ST,Bakersfield,CA,93301,35.3809948,-119.0203542
THEFT-CATALYTIC CONVERTER,GO 202166172,1400 BLK S ST,Bakersfield Police,4/8/2021 7:30,4/8/2021,April,Thursday, 7:30,AM,1450 S ST,Bakersfield,CA,93301,35.3708116,-119.0105303
THEFT,GO 202163725,100 BLK E CALIFORNIA AV,Bakersfield Police,4/5/2021 9:45,4/5/2021,April,Monday, 9:45,AM,150 E CALIFORNIA AV,Bakersfield,CA,93301,35.3685035,-119.0048549
ASSAULT-SIMPLE,GO 202163695,100 BLK E CALIFORNIA AV,Bakersfield Police,4/5/2021 8:47,4/5/2021,April,Monday, 8:47,AM,150 E CALIFORNIA AV,Bakersfield,CA,93301,35.3685035,-119.0048549
THEFT-CATALYTIC CONVERTER,GO 202160055,1700 BLK O ST,Bakersfield Police,3/31/2021 1:30,3/31/2021,March,Wednesday, 1:30,AM,1750 O ST,Bakersfield,CA,93301,35.3748025,-119.0151408
AGG ASSAULT-NONFAMILY STGARM,GO 202163026,1800 BLK N ST,Bakersfield Police,4/4/2021 2:04,4/4/2021,April,Sunday, 2:04,AM,1850 N ST,Bakersfield,CA,93301,35.3757307,-119.0163116
TRAFFIC-DUI DRUGS MISDEMEANOR,GO 202158646,1800 BLK ST / L ST,Bakersfield Police,3/29/2021 1:29,3/29/2021,March,Monday, 1:29,AM,1850 ST & L ST,Bakersfield,CA,93301,35.375741,-119.0186204
DRUG-SYNTHETIC-UTI,GO 202161126,1800 BLK UNION AV,Bakersfield Police,4/1/2021 14:00,4/1/2021,April,Thursday,14:00,PM,1850 UNION AV,Bakersfield,CA,93301,35.3759865,-119.0047291
AUTO THEFT,GO 202160103,1900 BLK UNION AV,Bakersfield Police,3/31/2021 5:38,3/31/2021,March,Wednesday, 5:38,AM,1950 UNION AV,Bakersfield,CA,93301,35.3767708,-119.0038953
SEX-PROSTITUTION,GO 202159490,2100 BLK 24TH ST,Bakersfield Police,3/30/2021 9:39,3/30/2021,March,Tuesday, 9:39,AM,2150 24TH ST,Bakersfield,CA,93301,35.3812671,-119.0290589
THEFT-CATALYTIC CONVERTER,GO 202154927,2100 BLK 24TH ST,Bakersfield Police,3/23/2021 14:00,3/23/2021,March,Tuesday,14:00,PM,2150 24TH ST,Bakersfield,CA,93301,35.3812671,-119.0290589
DRUG-AMPHETAMINE-POSSESSION,GO 202169842,2300 BLK ST / CHESTER AV,Bakersfield Police,4/13/2021 19:06,4/13/2021,April,Tuesday,19:06,PM,2350 ST & CHESTER AV,Bakersfield,CA,93301,35.3808882,-119.0206992
TRAFFIC-DUI ALCOHOL MISDEMEANR,GO 202166444,2300 BLK ST / H ST,Bakersfield Police,4/9/2021 2:46,4/9/2021,April,Friday, 2:46,AM,2350 ST & H ST,Bakersfield,CA,93301,35.3808544,-119.0229958
DRUG OFFENSE,GO 202157685,2300 BLK ST / M ST,Bakersfield Police,3/27/2021 17:21,3/27/2021,March,Saturday,17:21,PM,2350 ST & M ST,Bakersfield,CA,93301,35.3806212,-119.0174471
WEAPON-POSSESS WEAPON FELONY,GO 202164621,2900 BLK UNION AV,Bakersfield Police,4/6/2021 14:27,4/6/2021,April,Tuesday,14:27,PM,2950 UNION AV,Bakersfield,CA,93301,35.3865295,-119.004707
BURGLARY-FORCED-BUSINESS,GO 202154334,300 BLK CALIFORNIA AV,Bakersfield Police,3/22/2021 22:01,3/22/2021,March,Monday,22:01,PM,350 CALIFORNIA AV,Bakersfield,CA,93301,35.3691283,-119.0078595
DRUG-PARAPHERNALIA POSSESSION,GO 202164999,500 BLK DOLORES ST,Bakersfield Police,4/7/2021 7:49,4/7/2021,April,Wednesday, 7:49,AM,550 DOLORES ST,Bakersfield,CA,93301,35.3723752,-118.9989025
DRUG-PARAPHERNALIA POSSESSION,GO 202161228,CALIFORNIA AV / L ST,Bakersfield Police,4/1/2021 16:19,4/1/2021,April,Thursday,16:19,PM,CALIFORNIA AV & L ST,Bakersfield,CA,93301,35.3685528,-119.0186645
AUTO THEFT-RECEIVE STOLEN VEH,GO 202161228,CALIFORNIA AV / L ST,Bakersfield Police,4/1/2021 16:19,4/1/2021,April,Thursday,16:19,PM,CALIFORNIA AV & L ST,Bakersfield,CA,93301,35.3685528,-119.0186645
DRUG OFFENSE,GO 202161228,CALIFORNIA AV / L ST,Bakersfield Police,4/1/2021 16:19,4/1/2021,April,Thursday,16:19,PM,CALIFORNIA AV & L ST,Bakersfield,CA,93301,35.3685528,-119.0186645
TRAFFIC-DUI ALCOHOL MISDEMEANR,GO 202164889,CALIFORNIA AV / N ST,Bakersfield Police,4/6/2021 22:39,4/6/2021,April,Tuesday,22:39,PM,CALIFORNIA AV & N ST,Bakersfield,CA,93301,35.3685472,-119.016346
DRUG-AMPHETAMINE-POSSESSION,GO 202166702,E ST / 21ST ST,Bakersfield Police,4/9/2021 12:40,4/9/2021,April,Friday,12:40,PM,E ST & 21ST ST,Bakersfield,CA,93301,35.3781613,-119.0268751
DRUG-PARAPHERNALIA POSSESSION,GO 202166702,E ST / 21ST ST,Bakersfield Police,4/9/2021 12:40,4/9/2021,April,Friday,12:40,PM,E ST & 21ST ST,Bakersfield,CA,93301,35.3781613,-119.0268751
