Description,Incident #,Location,Agency,incident_datetime,incident_date,incident_month,incident_day_of_week,incident_time_24hr_clock,time_ampm,street_address,city,state,lat,long
AGG ASSAULT,211040847,600 BLK BALFOUR DR,San Jose Police,4/14/2021 20:43,4/14/2021,April,Wednesday,20:43,PM,650 BALFOUR DR,San Jose,CA,37.300797,-121.8391
AUTO THEFT,SJ202132,2600 BLK SENTER RD,San Jose Police,4/6/2021 13:04,4/6/2021,April,Tuesday,13:04,PM,2650 SENTER RD,San Jose,CA,37.301296,-121.84122
AUTO THEFT,210960406,2600 BLK SENTER RD,San Jose Police,4/6/2021 11:52,4/6/2021,April,Tuesday,11:52,AM,2650 SENTER RD,San Jose,CA,37.301296,-121.84122
AGG ASSAULT,210940711,2600 BLK SENTER RD,San Jose Police,4/4/2021 21:37,4/4/2021,April,Sunday,21:37,PM,2650 SENTER RD,San Jose,CA,37.301296,-121.84122
ASSAULT,210911027,15 BLK OLD TULLY RD,San Jose Police,4/1/2021 21:51,4/1/2021,April,Thursday,21:51,PM,15 BLK OLD TULLY RD,San Jose,CA,37.30133,-121.857376
NARCOTICS,210820784,15 BLK OLD TULLY RD,San Jose Police,3/23/2021 18:55,3/23/2021,March,Tuesday,18:55,PM,15 BLK OLD TULLY RD,San Jose,CA,37.30133,-121.857376
FORGERY/FRAUD,211053210,500 BLK UMBARGER RD,San Jose Police,4/15/2021 13:10,4/15/2021,April,Thursday,13:10,PM,550 UMBARGER RD,San Jose,CA,37.301395,-121.842705
AGG ASSAULT,210950705,2300 BLK MONTEREY RD,San Jose Police,4/5/2021 20:00,4/5/2021,April,Monday,20:00,PM,2350 MONTEREY RD,San Jose,CA,37.3016,-121.859024
BURGLARY,211040220,2200 BLK MONTEREY RD,San Jose Police,4/14/2021 9:13,4/14/2021,April,Wednesday, 9:13,AM,2250 MONTEREY RD,San Jose,CA,37.302826,-121.86024
AGG ASSAULT,211000459,2600 BLK SENTER CREEK CT,San Jose Police,4/10/2021 14:12,4/10/2021,April,Saturday,14:12,PM,2650 SENTER CREEK CT,San Jose,CA,37.303524,-121.842064
AUTO THEFT,211040125,2600 BLK CORDE TERRA CL,San Jose Police,4/14/2021 6:41,4/14/2021,April,Wednesday, 6:41,AM,2650 CORDE TERRA CL,San Jose,CA,37.304016,-121.849365
AUTO THEFT,210970686,2600 BLK CORDE TERRA CL,San Jose Police,4/7/2021 16:08,4/7/2021,April,Wednesday,16:08,PM,2650 CORDE TERRA CL,San Jose,CA,37.304016,-121.849365
PETTY THEFT,210959506,2600 BLK CORDE TERRA CL,San Jose Police,4/5/2021 15:20,4/5/2021,April,Monday,15:20,PM,2650 CORDE TERRA CL,San Jose,CA,37.304016,-121.849365
AUTO THEFT,210899701,2600 BLK CORDE TERRA CL,San Jose Police,3/30/2021 8:25,3/30/2021,March,Tuesday, 8:25,AM,2650 CORDE TERRA CL,San Jose,CA,37.304016,-121.849365
NARCOTICS,211040349,400 BLK BALTIC WY,San Jose Police,4/14/2021 11:55,4/14/2021,April,Wednesday,11:55,AM,450 BALTIC WY,San Jose,CA,37.30413,-121.847115
PETTY THEFT,211033211,4000 BLK YERBA BUENA AV,San Jose Police,4/13/2021 9:12,4/13/2021,April,Tuesday, 9:12,AM,4050 YERBA BUENA AV,San Jose,CA,37.304768,-121.78216
ARSON,211040099,2500 BLK SENTER RD,San Jose Police,4/14/2021 5:10,4/14/2021,April,Wednesday, 5:10,AM,2550 SENTER RD,San Jose,CA,37.30478,-121.844574
WEAPONS,211010383,2100 BLK MONTEREY HY,San Jose Police,4/11/2021 10:54,4/11/2021,April,Sunday,10:54,AM,2150 MONTEREY HY,San Jose,CA,37.305046,-121.86245
AGG ASSAULT,211060197,2100 BLK MONTEREY RD,San Jose Police,4/16/2021 8:15,4/16/2021,April,Friday, 8:15,AM,2150 MONTEREY RD,San Jose,CA,37.305046,-121.86245
AUTO THEFT,211050939,2100 BLK MONTEREY RD,San Jose Police,4/15/2021 22:26,4/15/2021,April,Thursday,22:26,PM,2150 MONTEREY RD,San Jose,CA,37.305046,-121.86245
VANDALISM,211043217,2100 BLK MONTEREY RD,San Jose Police,4/14/2021 13:35,4/14/2021,April,Wednesday,13:35,PM,2150 MONTEREY RD,San Jose,CA,37.305046,-121.86245
ASSAULT,211040207,2100 BLK MONTEREY RD,San Jose Police,4/14/2021 9:30,4/14/2021,April,Wednesday, 9:30,AM,2150 MONTEREY RD,San Jose,CA,37.305046,-121.86245
AGG ASSAULT,211010799,2100 BLK MONTEREY RD,San Jose Police,4/11/2021 19:30,4/11/2021,April,Sunday,19:30,PM,2150 MONTEREY RD,San Jose,CA,37.305046,-121.86245
AGG ASSAULT,210980640,2100 BLK MONTEREY RD,San Jose Police,4/8/2021 17:06,4/8/2021,April,Thursday,17:06,PM,2150 MONTEREY RD,San Jose,CA,37.305046,-121.86245
BURGLARY,210900490,2100 BLK MONTEREY RD,San Jose Police,3/31/2021 12:39,3/31/2021,March,Wednesday,12:39,PM,2150 MONTEREY RD,San Jose,CA,37.305046,-121.86245
BURGLARY,210890381,2100 BLK MONTEREY RD,San Jose Police,3/30/2021 11:08,3/30/2021,March,Tuesday,11:08,AM,2150 MONTEREY RD,San Jose,CA,37.305046,-121.86245
GRAND THEFT,210870905,2100 BLK MONTEREY RD,San Jose Police,3/28/2021 21:20,3/28/2021,March,Sunday,21:20,PM,2150 MONTEREY RD,San Jose,CA,37.305046,-121.86245
NARCOTICS,210870488,2100 BLK MONTEREY RD,San Jose Police,3/28/2021 14:19,3/28/2021,March,Sunday,14:19,PM,2150 MONTEREY RD,San Jose,CA,37.305046,-121.86245
NARCOTICS,210870355,2100 BLK MONTEREY RD,San Jose Police,3/28/2021 11:31,3/28/2021,March,Sunday,11:31,AM,2150 MONTEREY RD,San Jose,CA,37.305046,-121.86245
ROBBERY,210860290,2100 BLK MONTEREY RD,San Jose Police,3/27/2021 9:41,3/27/2021,March,Saturday, 9:41,AM,2150 MONTEREY RD,San Jose,CA,37.305046,-121.86245
ROBBERY,210830414,2100 BLK MONTEREY RD,San Jose Police,3/24/2021 11:13,3/24/2021,March,Wednesday,11:13,AM,2150 MONTEREY RD,San Jose,CA,37.305046,-121.86245
ASSAULT,210810460,2100 BLK MONTEREY RD,San Jose Police,3/22/2021 13:18,3/22/2021,March,Monday,13:18,PM,2150 MONTEREY RD,San Jose,CA,37.305046,-121.86245
FORGERY/FRAUD,210913220,2800 BLK MCLAUGHLIN AV,San Jose Police,4/1/2021 14:08,4/1/2021,April,Thursday,14:08,PM,2850 MCLAUGHLIN AV,San Jose,CA,37.30528,-121.826935
FORGERY/FRAUD,210969506,4200 BLK RUBY AV,San Jose Police,4/6/2021 14:32,4/6/2021,April,Tuesday,14:32,PM,4250 RUBY AV,San Jose,CA,37.305542,-121.77016
FORGERY/FRAUD,211063205,2100 BLK GOLDEN DEW CL,San Jose Police,4/16/2021 2:22,4/16/2021,April,Friday, 2:22,AM,2150 GOLDEN DEW CL,San Jose,CA,37.305904,-121.79602
ASSAULT,211079504,2000 BLK MONTEREY RD,San Jose Police,4/17/2021 18:23,4/17/2021,April,Saturday,18:23,PM,2050 MONTEREY RD,San Jose,CA,37.306046,-121.86346
VANDALISM,210923215,2000 BLK MONTEREY RD,San Jose Police,4/2/2021 10:39,4/2/2021,April,Friday,10:39,AM,2050 MONTEREY RD,San Jose,CA,37.306046,-121.86346
BURGLARY,210810246,2600 BLK CASEY WY,San Jose Police,3/22/2021 9:18,3/22/2021,March,Monday, 9:18,AM,2650 CASEY WY,San Jose,CA,37.306187,-121.79404
ASSAULT,210830589,2100 BLK TORYGLEN WY,San Jose Police,3/24/2021 18:00,3/24/2021,March,Wednesday,18:00,PM,2150 TORYGLEN WY,San Jose,CA,37.306244,-121.79858
AGG ASSAULT,210829857,2100 BLK TORYGLEN WY,San Jose Police,3/23/2021 17:55,3/23/2021,March,Tuesday,17:55,PM,2150 TORYGLEN WY,San Jose,CA,37.306244,-121.79858
BURGLARY,210840543,2300 BLK S 10TH ST,San Jose Police,3/25/2021 14:00,3/25/2021,March,Thursday,14:00,PM,2350 S 10TH ST,San Jose,CA,37.306328,-121.85242
BURGLARY,210980432,400 BLK TULLY RD,San Jose Police,4/8/2021 13:00,4/8/2021,April,Thursday,13:00,PM,450 TULLY RD,San Jose,CA,37.306374,-121.84996
DRUNK PUBLIC,210850637,600 BLK HERMES CT,San Jose Police,3/26/2021 16:51,3/26/2021,March,Friday,16:51,PM,650 HERMES CT,San Jose,CA,37.306396,-121.845184
DISTURB PEACE,211069509,2400 BLK SENTER RD,San Jose Police,4/16/2021 16:41,4/16/2021,April,Friday,16:41,PM,2450 SENTER RD,San Jose,CA,37.306583,-121.84631
ASSAULT,211050240,2400 BLK SENTER RD,San Jose Police,4/15/2021 9:07,4/15/2021,April,Thursday, 9:07,AM,2450 SENTER RD,San Jose,CA,37.306583,-121.84631
VANDALISM,210920018,2400 BLK SENTER RD,San Jose Police,4/2/2021 5:34,4/2/2021,April,Friday, 5:34,AM,2450 SENTER RD,San Jose,CA,37.306583,-121.84631
ASSAULT,210910386,2400 BLK SENTER RD,San Jose Police,4/1/2021 23:35,4/1/2021,April,Thursday,23:35,PM,2450 SENTER RD,San Jose,CA,37.306583,-121.84631
VANDALISM,210813222,2400 BLK SENTER RD,San Jose Police,3/22/2021 14:13,3/22/2021,March,Monday,14:13,PM,2450 SENTER RD,San Jose,CA,37.306583,-121.84631
BURGLARY,210850222,2600 BLK TOY LN,San Jose Police,3/26/2021 8:55,3/26/2021,March,Friday, 8:55,AM,2650 TOY LN,San Jose,CA,37.307106,-121.79284
AUTO THEFT,210990359,500 BLK TULLY RD,San Jose Police,4/9/2021 12:21,4/9/2021,April,Friday,12:21,PM,550 TULLY RD,San Jose,CA,37.307186,-121.84877
VANDALISM,210980219,500 BLK TULLY RD,San Jose Police,4/8/2021 9:12,4/8/2021,April,Thursday, 9:12,AM,550 TULLY RD,San Jose,CA,37.307186,-121.84877
AUTO THEFT,210890596,500 BLK TULLY RD,San Jose Police,3/30/2021 14:40,3/30/2021,March,Tuesday,14:40,PM,550 TULLY RD,San Jose,CA,37.307186,-121.84877
PETTY THEFT,210880680,2900 BLK MIDHURST WY,San Jose Police,3/29/2021 15:56,3/29/2021,March,Monday,15:56,PM,2950 MIDHURST WY,San Jose,CA,37.30727,-121.77829
FORGERY/FRAUD,210989503,3100 BLK OLDFIELD WY,San Jose Police,4/8/2021 13:49,4/8/2021,April,Thursday,13:49,PM,3150 OLDFIELD WY,San Jose,CA,37.307384,-121.77281
AUTO THEFT,210990087,LITTLE ORCHARD ST/BARNARD AV,San Jose Police,4/9/2021 3:44,4/9/2021,April,Friday, 3:44,AM,LITTLE ORCHARD ST & BARNARD AV,San Jose,CA,37.307556,-121.87406
ASSAULT,210980135,2700 BLK KERN AV,San Jose Police,4/8/2021 7:06,4/8/2021,April,Thursday, 7:06,AM,2750 KERN AV,San Jose,CA,37.307583,-121.82795
BURGLARY,210940316,3400 BLK THIMBLEHALL LN,San Jose Police,4/4/2021 11:22,4/4/2021,April,Sunday,11:22,AM,3450 THIMBLEHALL LN,San Jose,CA,37.307594,-121.80015
BURGLARY,211050363,2100 BLK S 7TH ST,San Jose Police,4/15/2021 11:55,4/15/2021,April,Thursday,11:55,AM,2150 S 7TH ST,San Jose,CA,37.30812,-121.85906
GRAND THEFT,211073203,2600 BLK SHERLOCK DR,San Jose Police,4/17/2021 18:05,4/17/2021,April,Saturday,18:05,PM,2650 SHERLOCK DR,San Jose,CA,37.30823,-121.835526
BURGLARY,210870203,2600 BLK SHERLOCK DR,San Jose Police,3/28/2021 7:31,3/28/2021,March,Sunday, 7:31,AM,2650 SHERLOCK DR,San Jose,CA,37.30823,-121.835526
FORGERY/FRAUD,210893224,2700 BLK SUISUN AV,San Jose Police,3/30/2021 15:59,3/30/2021,March,Tuesday,15:59,PM,2750 SUISUN AV,San Jose,CA,37.308372,-121.7894
VANDALISM,211020156,600 BLK TULLY RD,San Jose Police,4/12/2021 5:34,4/12/2021,April,Monday, 5:34,AM,650 TULLY RD,San Jose,CA,37.308495,-121.84683
VANDALISM,210970356,600 BLK TULLY RD,San Jose Police,4/7/2021 10:33,4/7/2021,April,Wednesday,10:33,AM,650 TULLY RD,San Jose,CA,37.308495,-121.84683
NARCOTICS,210890992,600 BLK TULLY RD,San Jose Police,3/30/2021 22:24,3/30/2021,March,Tuesday,22:24,PM,650 TULLY RD,San Jose,CA,37.308495,-121.84683
ASSAULT,210840069,600 BLK TULLY RD,San Jose Police,3/25/2021 4:02,3/25/2021,March,Thursday, 4:02,AM,650 TULLY RD,San Jose,CA,37.308495,-121.84683
NARCOTICS,210960439,500 BLK PARROTT ST,San Jose Police,4/6/2021 22:31,4/6/2021,April,Tuesday,22:31,PM,550 PARROTT ST,San Jose,CA,37.308586,-121.85016
AUTO THEFT,211060218,2300 BLK SENTER RD,San Jose Police,4/16/2021 8:51,4/16/2021,April,Friday, 8:51,AM,2350 SENTER RD,San Jose,CA,37.308636,-121.84835
AUTO THEFT,210990141,2300 BLK SENTER RD,San Jose Police,4/9/2021 7:20,4/9/2021,April,Friday, 7:20,AM,2350 SENTER RD,San Jose,CA,37.308636,-121.84835
AUTO THEFT,210959707,2300 BLK SENTER RD,San Jose Police,4/5/2021 15:50,4/5/2021,April,Monday,15:50,PM,2350 SENTER RD,San Jose,CA,37.308636,-121.84835
AUTO THEFT,210940236,2300 BLK SENTER RD,San Jose Police,4/4/2021 9:06,4/4/2021,April,Sunday, 9:06,AM,2350 SENTER RD,San Jose,CA,37.308636,-121.84835
BURGLARY,210900111,2300 BLK SENTER RD,San Jose Police,3/31/2021 4:55,3/31/2021,March,Wednesday, 4:55,AM,2350 SENTER RD,San Jose,CA,37.308636,-121.84835
AUTO THEFT,210890153,2300 BLK SENTER RD,San Jose Police,3/30/2021 7:25,3/30/2021,March,Tuesday, 7:25,AM,2350 SENTER RD,San Jose,CA,37.308636,-121.84835
BURGLARY,210880682,2300 BLK SENTER RD,San Jose Police,3/29/2021 18:38,3/29/2021,March,Monday,18:38,PM,2350 SENTER RD,San Jose,CA,37.308636,-121.84835
GRAND THEFT,210830199,2300 BLK SENTER RD,San Jose Police,3/24/2021 8:00,3/24/2021,March,Wednesday, 8:00,AM,2350 SENTER RD,San Jose,CA,37.308636,-121.84835
AUTO THEFT,210820488,ORINDA DR/HILLSBOROUGH WY,San Jose Police,3/23/2021 13:19,3/23/2021,March,Tuesday,13:19,PM,ORINDA DR & HILLSBOROUGH WY,San Jose,CA,37.308834,-121.79175
PETTY THEFT,210910370,POMONA AV/ BARNARD AV,San Jose Police,4/1/2021 10:54,4/1/2021,April,Thursday,10:54,AM,POMONA AV & BARNARD AV,San Jose,CA,37.30893,-121.871704
VANDALISM,211060312,1600 BLK S CAPITOL AV,San Jose Police,4/16/2021 16:46,4/16/2021,April,Friday,16:46,PM,1650 S CAPITOL AV,San Jose,CA,37.308968,-121.809235
VANDALISM,211010849,1600 BLK S CAPITOL AV,San Jose Police,4/11/2021 21:07,4/11/2021,April,Sunday,21:07,PM,1650 S CAPITOL AV,San Jose,CA,37.308968,-121.809235
BURGLARY,210980100,2000 BLK S 7TH ST,San Jose Police,4/8/2021 5:02,4/8/2021,April,Thursday, 5:02,AM,2050 S 7TH ST,San Jose,CA,37.309044,-121.86008
CREDIT CARD,210903217,2700 BLK EULALIE DR,San Jose Police,3/31/2021 7:32,3/31/2021,March,Wednesday, 7:32,AM,2750 EULALIE DR,San Jose,CA,37.30908,-121.828285
BURGLARY,211050104,2100 BLK S 10TH ST,San Jose Police,4/15/2021 5:28,4/15/2021,April,Thursday, 5:28,AM,2150 S 10TH ST,San Jose,CA,37.30911,-121.85537
BURGLARY,210840696,2100 BLK S 10TH ST,San Jose Police,3/25/2021 16:32,3/25/2021,March,Thursday,16:32,PM,2150 S 10TH ST,San Jose,CA,37.30911,-121.85537
FORGERY/FRAUD,210970817,PARROTT DR / SENTER RD,San Jose Police,4/7/2021 19:00,4/7/2021,April,Wednesday,19:00,PM,PARROTT DR &  SENTER RD,San Jose,CA,37.309322,-121.84909
NARCOTICS,210890651,1900 BLK S 7TH ST,San Jose Police,3/30/2021 15:42,3/30/2021,March,Tuesday,15:42,PM,1950 S 7TH ST,San Jose,CA,37.309967,-121.86109
AUTO THEFT,211040112,1700 BLK MONTEREY RD,San Jose Police,4/14/2021 5:59,4/14/2021,April,Wednesday, 5:59,AM,1750 MONTEREY RD,San Jose,CA,37.31007,-121.867455
FORGERY/FRAUD,210959505,1700 BLK MONTEREY RD,San Jose Police,4/5/2021 15:12,4/5/2021,April,Monday,15:12,PM,1750 MONTEREY RD,San Jose,CA,37.31007,-121.867455
PETTY THEFT,211003219,2200 BLK SENTER RD,San Jose Police,4/10/2021 11:13,4/10/2021,April,Saturday,11:13,AM,2250 SENTER RD,San Jose,CA,37.31031,-121.85013
VANDALISM,210893228,2200 BLK SENTER RD,San Jose Police,3/30/2021 19:36,3/30/2021,March,Tuesday,19:36,PM,2250 SENTER RD,San Jose,CA,37.31031,-121.85013
AUTO THEFT,211040428,2000 BLK DANDERHALL WY,San Jose Police,4/14/2021 14:01,4/14/2021,April,Wednesday,14:01,PM,2050 DANDERHALL WY,San Jose,CA,37.310505,-121.80186
VANDALISM,210900103,1900 BLK ABORN RD,San Jose Police,3/31/2021 8:17,3/31/2021,March,Wednesday, 8:17,AM,1950 ABORN RD,San Jose,CA,37.31105,-121.81065
AUTO THEFT,211020259,200 BLK LEO AV,San Jose Police,4/12/2021 8:46,4/12/2021,April,Monday, 8:46,AM,250 LEO AV,San Jose,CA,37.311058,-121.86415
AUTO THEFT,210870357,2500 BLK BOREN DR,San Jose Police,3/28/2021 11:32,3/28/2021,March,Sunday,11:32,AM,2550 BOREN DR,San Jose,CA,37.31116,-121.834885
VANDALISM,210840274,2500 BLK BOREN DR,San Jose Police,3/25/2021 9:31,3/25/2021,March,Thursday, 9:31,AM,2550 BOREN DR,San Jose,CA,37.31116,-121.834885
VANDALISM,211013220,GALVESTON AV / TULLY RD,San Jose Police,4/11/2021 11:39,4/11/2021,April,Sunday,11:39,AM,GALVESTON AV &  TULLY RD,San Jose,CA,37.31147,-121.842316
WEAPONS,211020238,2100 BLK SENTER RD,San Jose Police,4/12/2021 13:00,4/12/2021,April,Monday,13:00,PM,2150 SENTER RD,San Jose,CA,37.311623,-121.85152
VANDALISM,210980410,2100 BLK SENTER RD,San Jose Police,4/8/2021 12:42,4/8/2021,April,Thursday,12:42,PM,2150 SENTER RD,San Jose,CA,37.311623,-121.85152
FORGERY/FRAUD,210993204,1500 BLK POMONA AV,San Jose Police,4/9/2021 16:25,4/9/2021,April,Friday,16:25,PM,1550 POMONA AV,San Jose,CA,37.31166,-121.87434
AUTO THEFT,210970310,2100 BLK ABORN RD,San Jose Police,4/7/2021 9:51,4/7/2021,April,Wednesday, 9:51,AM,2150 ABORN RD,San Jose,CA,37.311756,-121.80615
AGG ASSAULT,210950031,2100 BLK ABORN RD,San Jose Police,4/5/2021 0:49,4/5/2021,April,Monday, 0:49,AM,2150 ABORN RD,San Jose,CA,37.311756,-121.80615
PETTY THEFT,210813212,2100 BLK ABORN RD,San Jose Police,3/22/2021 11:47,3/22/2021,March,Monday,11:47,AM,2150 ABORN RD,San Jose,CA,37.311756,-121.80615
GRAND THEFT,210890647,1700 BLK S KING RD,San Jose Police,3/30/2021 15:37,3/30/2021,March,Tuesday,15:37,PM,1750 S KING RD,San Jose,CA,37.31185,-121.814575
PETTY THEFT,210880969,1700 BLK S KING RD,San Jose Police,3/29/2021 22:02,3/29/2021,March,Monday,22:02,PM,1750 S KING RD,San Jose,CA,37.31185,-121.814575
VANDALISM,210950228,1500 BLK ALDRICH WY,San Jose Police,4/5/2021 9:54,4/5/2021,April,Monday, 9:54,AM,1550 ALDRICH WY,San Jose,CA,37.312202,-121.82203
AUTO THEFT,210841026,1900 BLK SENTER RD,San Jose Police,3/25/2021 23:17,3/25/2021,March,Thursday,23:17,PM,1950 SENTER RD,San Jose,CA,37.312428,-121.85238
VANDALISM,210840132,1900 BLK SENTER RD,San Jose Police,3/25/2021 5:46,3/25/2021,March,Thursday, 5:46,AM,1950 SENTER RD,San Jose,CA,37.312428,-121.85238
VANDALISM,210813208,1900 BLK SENTER RD,San Jose Police,3/22/2021 10:44,3/22/2021,March,Monday,10:44,AM,1950 SENTER RD,San Jose,CA,37.312428,-121.85238
WEAPONS,210880320,2200 BLK WILL WOOL DRIVE,San Jose Police,3/30/2021 2:30,3/30/2021,March,Tuesday, 2:30,AM,2250 WILL WOOL DRIVE,San Jose,CA,37.31245,-121.848076
AUTO THEFT,210990148,1000 BLK WOODMINSTER DR,San Jose Police,4/9/2021 7:35,4/9/2021,April,Friday, 7:35,AM,1050 WOODMINSTER DR,San Jose,CA,37.31256,-121.83805
AUTO THEFT,211040682,2900 BLK ABORN SQUARE RD,San Jose Police,4/14/2021 21:34,4/14/2021,April,Wednesday,21:34,PM,2950 ABORN SQUARE RD,San Jose,CA,37.312572,-121.81061
BURGLARY,211020466,2900 BLK ABORN SQUARE RD,San Jose Police,4/12/2021 12:15,4/12/2021,April,Monday,12:15,PM,2950 ABORN SQUARE RD,San Jose,CA,37.312572,-121.81061
VANDALISM,210969507,2900 BLK ABORN SQUARE RD,San Jose Police,4/6/2021 14:56,4/6/2021,April,Tuesday,14:56,PM,2950 ABORN SQUARE RD,San Jose,CA,37.312572,-121.81061
PETTY THEFT,210810376,2900 BLK ABORN SQUARE RD,San Jose Police,3/22/2021 11:33,3/22/2021,March,Monday,11:33,AM,2950 ABORN SQUARE RD,San Jose,CA,37.312572,-121.81061
NARCOTICS,210970963,800 BLK TULLY RD,San Jose Police,4/7/2021 20:43,4/7/2021,April,Wednesday,20:43,PM,850 TULLY RD,San Jose,CA,37.31258,-121.840515
AUTO THEFT,210970424,2900 BLK ATWOOD DR,San Jose Police,4/7/2021 11:42,4/7/2021,April,Wednesday,11:42,AM,2950 ATWOOD DR,San Jose,CA,37.312775,-121.81079
ARSON,211029714,3300 BLK SAN FELIPE RD,San Jose Police,4/12/2021 15:50,4/12/2021,April,Monday,15:50,PM,3350 SAN FELIPE RD,San Jose,CA,37.31289,-121.78974
AGG ASSAULT,211000724,3300 BLK SAN FELIPE RD,San Jose Police,4/10/2021 19:08,4/10/2021,April,Saturday,19:08,PM,3350 SAN FELIPE RD,San Jose,CA,37.31289,-121.78974
AUTO THEFT,210890186,ALDRICH WY/ALVIN AV,San Jose Police,3/30/2021 8:15,3/30/2021,March,Tuesday, 8:15,AM,ALDRICH WY & ALVIN AV,San Jose,CA,37.31289,-121.821526
AUTO THEFT,210890128,1500 BLK FORD AV,San Jose Police,3/30/2021 5:36,3/30/2021,March,Tuesday, 5:36,AM,1550 FORD AV,San Jose,CA,37.313305,-121.87236
AUTO THEFT,210960653,1300 BLK VINE ST,San Jose Police,4/6/2021 19:54,4/6/2021,April,Tuesday,19:54,PM,1350 VINE ST,San Jose,CA,37.313457,-121.87955
AGG ASSAULT,210879812,1300 BLK VINE ST,San Jose Police,3/28/2021 0:07,3/28/2021,March,Sunday, 0:07,AM,1350 VINE ST,San Jose,CA,37.313457,-121.87955
DUI,210991005,LITTLE ORCHARD ST / W ALMA AV,San Jose Police,4/10/2021 0:05,4/10/2021,April,Saturday, 0:05,AM,LITTLE ORCHARD ST &  W ALMA AV,San Jose,CA,37.313557,-121.87802
AUTO THEFT,210820401,600 BLK WOOL CREEK DR,San Jose Police,3/23/2021 12:08,3/23/2021,March,Tuesday,12:08,PM,650 WOOL CREEK DR,San Jose,CA,37.3136,-121.85113
VANDALISM,210973224,1600 BLK MONTEREY HY,San Jose Police,4/7/2021 14:30,4/7/2021,April,Wednesday,14:30,PM,1650 MONTEREY HY,San Jose,CA,37.313663,-121.87105
LICENSE PLATE,211070194,2300 BLK WARFIELD WY,San Jose Police,4/17/2021 8:18,4/17/2021,April,Saturday, 8:18,AM,2350 WARFIELD WY,San Jose,CA,37.313683,-121.84213
VANDALISM,210870960,2300 BLK WARFIELD WY,San Jose Police,3/28/2021 22:00,3/28/2021,March,Sunday,22:00,PM,2350 WARFIELD WY,San Jose,CA,37.313683,-121.84213
AGG ASSAULT,210870133,100 BLK AUSTIN CT,San Jose Police,3/28/2021 3:00,3/28/2021,March,Sunday, 3:00,AM,150 AUSTIN CT,San Jose,CA,37.313747,-121.87481
DUI,211010842,1600 BLK ALDRICH WY,San Jose Police,4/11/2021 21:53,4/11/2021,April,Sunday,21:53,PM,1650 ALDRICH WY,San Jose,CA,37.313858,-121.820076
CREDIT CARD,210953212,2600 BLK PONSELLE CT,San Jose Police,4/5/2021 13:37,4/5/2021,April,Monday,13:37,PM,2650 PONSELLE CT,San Jose,CA,37.313908,-121.82488
ASSAULT,210910185,3200 BLK EVERDALE DR,San Jose Police,4/1/2021 7:34,4/1/2021,April,Thursday, 7:34,AM,3250 EVERDALE DR,San Jose,CA,37.313972,-121.80335
VANDALISM,211000139,1000 BLK TULLY RD,San Jose Police,4/10/2021 4:40,4/10/2021,April,Saturday, 4:40,AM,1050 TULLY RD,San Jose,CA,37.31432,-121.837814
PETTY THEFT,210960815,1000 BLK TULLY RD,San Jose Police,4/6/2021 19:04,4/6/2021,April,Tuesday,19:04,PM,1050 TULLY RD,San Jose,CA,37.31432,-121.837814
PETTY THEFT,211040387,1600 BLK S 7TH ST,San Jose Police,4/14/2021 18:42,4/14/2021,April,Wednesday,18:42,PM,1650 S 7TH ST,San Jose,CA,37.31445,-121.86576
CHECKS,210850221,1600 BLK S 7TH ST,San Jose Police,3/26/2021 8:54,3/26/2021,March,Friday, 8:54,AM,1650 S 7TH ST,San Jose,CA,37.31445,-121.86576
CHECKS,210830618,1600 BLK S 7TH ST,San Jose Police,3/24/2021 15:19,3/24/2021,March,Wednesday,15:19,PM,1650 S 7TH ST,San Jose,CA,37.31445,-121.86576
AUTO THEFT,210940670,2200 BLK LUCRETIA AV,San Jose Police,4/4/2021 18:24,4/4/2021,April,Sunday,18:24,PM,2250 LUCRETIA AV,San Jose,CA,37.31452,-121.84192
BURGLARY,210810216,2200 BLK LUCRETIA AV,San Jose Police,3/22/2021 8:35,3/22/2021,March,Monday, 8:35,AM,2250 LUCRETIA AV,San Jose,CA,37.31452,-121.84192
BURGLARY,211000132,3200 BLK S WHITE RD,San Jose Police,4/10/2021 3:58,4/10/2021,April,Saturday, 3:58,AM,3250 S WHITE RD,San Jose,CA,37.31453,-121.79188
ROBBERY,210840914,3200 BLK S WHITE RD,San Jose Police,3/25/2021 19:53,3/25/2021,March,Thursday,19:53,PM,3250 S WHITE RD,San Jose,CA,37.31453,-121.79188
GRAND THEFT,210830547,3200 BLK S WHITE RD,San Jose Police,3/24/2021 15:39,3/24/2021,March,Wednesday,15:39,PM,3250 S WHITE RD,San Jose,CA,37.31453,-121.79188
BURGLARY,211020068,1500 BLK MONTEREY RD,San Jose Police,4/12/2021 2:07,4/12/2021,April,Monday, 2:07,AM,1550 MONTEREY RD,San Jose,CA,37.31468,-121.87205
BURGLARY,211020030,1500 BLK MONTEREY RD,San Jose Police,4/12/2021 0:31,4/12/2021,April,Monday, 0:31,AM,1550 MONTEREY RD,San Jose,CA,37.31468,-121.87205
DRUNK PUBLIC,210960950,1500 BLK MONTEREY RD,San Jose Police,4/6/2021 21:42,4/6/2021,April,Tuesday,21:42,PM,1550 MONTEREY RD,San Jose,CA,37.31468,-121.87205
AUTO THEFT,210910238,1400 BLK PURITANI WY,San Jose Police,4/1/2021 8:29,4/1/2021,April,Thursday, 8:29,AM,1450 PURITANI WY,San Jose,CA,37.314842,-121.82717
ASSAULT,210940278,1100 BLK TULLY RD,San Jose Police,4/4/2021 10:27,4/4/2021,April,Sunday,10:27,AM,1150 TULLY RD,San Jose,CA,37.31508,-121.83663
ROBBERY,210920213,1100 BLK TULLY RD,San Jose Police,4/2/2021 8:16,4/2/2021,April,Friday, 8:16,AM,1150 TULLY RD,San Jose,CA,37.31508,-121.83663
PETTY THEFT,211053200,1500 BLK TOSCA CT,San Jose Police,4/15/2021 11:07,4/15/2021,April,Thursday,11:07,AM,1550 TOSCA CT,San Jose,CA,37.315186,-121.82584
AUTO THEFT,211020360,2300 BLK LUCRETIA AV,San Jose Police,4/12/2021 10:32,4/12/2021,April,Monday,10:32,AM,2350 LUCRETIA AV,San Jose,CA,37.31525,-121.840355
GRAND THEFT,210973244,2300 BLK LUCRETIA AV,San Jose Police,4/7/2021 15:12,4/7/2021,April,Wednesday,15:12,PM,2350 LUCRETIA AV,San Jose,CA,37.31525,-121.840355
AUTO THEFT,210921037,2300 BLK LUCRETIA AV,San Jose Police,4/2/2021 22:37,4/2/2021,April,Friday,22:37,PM,2350 LUCRETIA AV,San Jose,CA,37.31525,-121.840355
AGG ASSAULT,210879849,2300 BLK LUCRETIA AV,San Jose Police,3/28/2021 15:44,3/28/2021,March,Sunday,15:44,PM,2350 LUCRETIA AV,San Jose,CA,37.31525,-121.840355
AGG ASSAULT,210829801,2300 BLK LUCRETIA AV,San Jose Police,3/23/2021 6:18,3/23/2021,March,Tuesday, 6:18,AM,2350 LUCRETIA AV,San Jose,CA,37.31525,-121.840355
NARCOTICS,211060663,NICKEL AV / S KING RD,San Jose Police,4/16/2021 17:16,4/16/2021,April,Friday,17:16,PM,NICKEL AV &  S KING RD,San Jose,CA,37.315372,-121.81922
AUTO THEFT,211010322,2900 BLK NIEMAN BL,San Jose Police,4/11/2021 9:29,4/11/2021,April,Sunday, 9:29,AM,2950 NIEMAN BL,San Jose,CA,37.31544,-121.805435
DRUNK PUBLIC,210970687,2900 BLK NIEMAN BL,San Jose Police,4/7/2021 16:08,4/7/2021,April,Wednesday,16:08,PM,2950 NIEMAN BL,San Jose,CA,37.31544,-121.805435
BURGLARY,210940050,1600 BLK ENESCO AVENUE,San Jose Police,4/4/2021 0:59,4/4/2021,April,Sunday, 0:59,AM,1650 ENESCO AVENUE,San Jose,CA,37.315536,-121.82167
PETTY THEFT,211020170,2800 BLK MOSS HOLLOW DR,San Jose Police,4/12/2021 6:25,4/12/2021,April,Monday, 6:25,AM,2850 MOSS HOLLOW DR,San Jose,CA,37.31559,-121.809235
BURGLARY,210870306,900 BLK SUMMERSIDE DR,San Jose Police,3/28/2021 10:26,3/28/2021,March,Sunday,10:26,AM,950 SUMMERSIDE DR,San Jose,CA,37.315712,-121.8436
LICENSE PLATE,211020823,1600 BLK TIERRA BUENA DR,San Jose Police,4/12/2021 18:12,4/12/2021,April,Monday,18:12,PM,1650 TIERRA BUENA DR,San Jose,CA,37.316044,-121.82227
BURGLARY,210960565,1300 BLK SHERMAN ST,San Jose Police,4/6/2021 14:00,4/6/2021,April,Tuesday,14:00,PM,1350 SHERMAN ST,San Jose,CA,37.316166,-121.875595
PETTY THEFT,211010962,1400 BLK TULLY RD,San Jose Police,4/11/2021 23:36,4/11/2021,April,Sunday,23:36,PM,1450 TULLY RD,San Jose,CA,37.316185,-121.835
ASSAULT,211070240,2700 BLK OPHELIA AV,San Jose Police,4/17/2021 10:30,4/17/2021,April,Saturday,10:30,AM,2750 OPHELIA AV,San Jose,CA,37.316353,-121.81653
NARCOTICS,211000713,KING RD/ENESCO AV,San Jose Police,4/10/2021 18:50,4/10/2021,April,Saturday,18:50,PM,KING RD & ENESCO AV,San Jose,CA,37.316486,-121.82028
NARCOTICS,210850388,2500 BLK FONTAINE RD,San Jose Police,3/26/2021 12:36,3/26/2021,March,Friday,12:36,PM,2550 FONTAINE RD,San Jose,CA,37.3165,-121.82884
AUTO THEFT,210840142,2500 BLK FONTAINE RD,San Jose Police,3/25/2021 6:16,3/25/2021,March,Thursday, 6:16,AM,2550 FONTAINE RD,San Jose,CA,37.3165,-121.82884
ASSAULT,210820790,2500 BLK FONTAINE RD,San Jose Police,3/23/2021 19:01,3/23/2021,March,Tuesday,19:01,PM,2550 FONTAINE RD,San Jose,CA,37.3165,-121.82884
BURGLARY,210990243,1800 BLK SENTER RD,San Jose Police,4/9/2021 10:06,4/9/2021,April,Friday,10:06,AM,1850 SENTER RD,San Jose,CA,37.31651,-121.85684
FORGERY/FRAUD,210969509,1800 BLK SENTER RD,San Jose Police,4/6/2021 15:12,4/6/2021,April,Tuesday,15:12,PM,1850 SENTER RD,San Jose,CA,37.31651,-121.85684
AUTO THEFT,210950141,1800 BLK SENTER RD,San Jose Police,4/5/2021 7:12,4/5/2021,April,Monday, 7:12,AM,1850 SENTER RD,San Jose,CA,37.31651,-121.85684
VANDALISM,210930347,1800 BLK SENTER RD,San Jose Police,4/3/2021 13:18,4/3/2021,April,Saturday,13:18,PM,1850 SENTER RD,San Jose,CA,37.31651,-121.85684
CHECKS,210893221,1800 BLK SENTER RD,San Jose Police,3/30/2021 13:36,3/30/2021,March,Tuesday,13:36,PM,1850 SENTER RD,San Jose,CA,37.31651,-121.85684
VANDALISM,210823240,1800 BLK SENTER RD,San Jose Police,3/23/2021 18:49,3/23/2021,March,Tuesday,18:49,PM,1850 SENTER RD,San Jose,CA,37.31651,-121.85684
PETTY THEFT,210923220,1600 BLK CENTER RIDGE DR,San Jose Police,4/2/2021 18:39,4/2/2021,April,Friday,18:39,PM,1650 CENTER RIDGE DR,San Jose,CA,37.31661,-121.82273
PETTY THEFT,210853205,3100 BLK HERITAGE VALLEY DR,San Jose Police,3/26/2021 13:47,3/26/2021,March,Friday,13:47,PM,3150 HERITAGE VALLEY DR,San Jose,CA,37.31692,-121.778786
LICENSE PLATE,210890512,1500 BLK FLANIGAN DR,San Jose Police,3/30/2021 13:24,3/30/2021,March,Tuesday,13:24,PM,1550 FLANIGAN DR,San Jose,CA,37.316956,-121.82607
AUTO THEFT,210860236,2900 BLK FENWICK WY,San Jose Police,3/27/2021 7:39,3/27/2021,March,Saturday, 7:39,AM,2950 FENWICK WY,San Jose,CA,37.317,-121.803795
FORGERY/FRAUD,210903205,1600 BLK BOWLING GREEN DR,San Jose Police,3/31/2021 17:55,3/31/2021,March,Wednesday,17:55,PM,1650 BOWLING GREEN DR,San Jose,CA,37.317074,-121.823326
VANDALISM,210830326,2600 BLK ALVIN AV,San Jose Police,3/24/2021 10:03,3/24/2021,March,Wednesday,10:03,AM,2650 ALVIN AV,San Jose,CA,37.31722,-121.8243
GRAND THEFT,211073210,2000 BLK LUCRETIA AV,San Jose Police,4/17/2021 23:19,4/17/2021,April,Saturday,23:19,PM,2050 LUCRETIA AV,San Jose,CA,37.31727,-121.844666
VANDALISM,210893204,2000 BLK LUCRETIA AV,San Jose Police,3/30/2021 9:19,3/30/2021,March,Tuesday, 9:19,AM,2050 LUCRETIA AV,San Jose,CA,37.31727,-121.844666
ROBBERY,211050680,1700 BLK SENTER RD,San Jose Police,4/15/2021 18:03,4/15/2021,April,Thursday,18:03,PM,1750 SENTER RD,San Jose,CA,37.31747,-121.85777
AUTO THEFT,210950487,2300 BLK DENAIR AV,San Jose Police,4/5/2021 18:19,4/5/2021,April,Monday,18:19,PM,2350 DENAIR AV,San Jose,CA,37.317745,-121.83561
GRAND THEFT,211050615,2800 BLK SCOTTSDALE DR,San Jose Police,4/15/2021 16:30,4/15/2021,April,Thursday,16:30,PM,2850 SCOTTSDALE DR,San Jose,CA,37.31783,-121.80111
ROBBERY,211000822,1300 BLK SENTER RD,San Jose Police,4/10/2021 20:59,4/10/2021,April,Saturday,20:59,PM,1350 SENTER RD,San Jose,CA,37.318,-121.858284
PETTY THEFT,210943213,1300 BLK SENTER RD,San Jose Police,4/4/2021 22:54,4/4/2021,April,Sunday,22:54,PM,1350 SENTER RD,San Jose,CA,37.318,-121.858284
AUTO THEFT,210910223,1300 BLK SENTER RD,San Jose Police,4/1/2021 8:12,4/1/2021,April,Thursday, 8:12,AM,1350 SENTER RD,San Jose,CA,37.318,-121.858284
DISTURB PEACE,210870314,1300 BLK SENTER RD,San Jose Police,3/28/2021 9:30,3/28/2021,March,Sunday, 9:30,AM,1350 SENTER RD,San Jose,CA,37.318,-121.858284
INDECENT EXPOSURE,211020444,1800 BLK ENESCO AV,San Jose Police,4/12/2021 11:54,4/12/2021,April,Monday,11:54,AM,1850 ENESCO AV,San Jose,CA,37.318043,-121.81759
VANDALISM,200910180,1600 BLK SENTER RD,San Jose Police,4/1/2021 7:22,4/1/2021,April,Thursday, 7:22,AM,1650 SENTER RD,San Jose,CA,37.31807,-121.85835
PETTY THEFT,210840134,1600 BLK SENTER RD,San Jose Police,3/25/2021 5:51,3/25/2021,March,Thursday, 5:51,AM,1650 SENTER RD,San Jose,CA,37.31807,-121.85835
AGG ASSAULT,210829879,1800 BLK JENEANE MARIE CL,San Jose Police,3/23/2021 17:53,3/23/2021,March,Tuesday,17:53,PM,1850 JENEANE MARIE CL,San Jose,CA,37.318085,-121.84625
GRAND THEFT,210840463,2200 BLK MCLAUGHLIN AV,San Jose Police,3/25/2021 12:43,3/25/2021,March,Thursday,12:43,PM,2250 MCLAUGHLIN AV,San Jose,CA,37.3181,-121.839355
PETTY THEFT,210843224,2200 BLK MCLAUGHLIN AV,San Jose Police,3/25/2021 1:28,3/25/2021,March,Thursday, 1:28,AM,2250 MCLAUGHLIN AV,San Jose,CA,37.3181,-121.839355
ASSAULT,210810877,2200 BLK MCLAUGHLIN AV,San Jose Police,3/22/2021 19:57,3/22/2021,March,Monday,19:57,PM,2250 MCLAUGHLIN AV,San Jose,CA,37.3181,-121.839355
NARCOTICS,210980180,1100 BLK SPOKANE DR,San Jose Police,4/8/2021 9:49,4/8/2021,April,Thursday, 9:49,AM,1150 SPOKANE DR,San Jose,CA,37.31812,-121.838104
AUTO THEFT,211070225,4000 BLK LAKE RIDGE LN,San Jose Police,4/17/2021 9:25,4/17/2021,April,Saturday, 9:25,AM,4050 LAKE RIDGE LN,San Jose,CA,37.31821,-121.77517
ASSAULT,211039514,2500 BLK ALVIN AV,San Jose Police,4/13/2021 15:01,4/13/2021,April,Tuesday,15:01,PM,2550 ALVIN AV,San Jose,CA,37.31836,-121.82543
ASSAULT,210929502,2500 BLK ALVIN AV,San Jose Police,4/2/2021 14:28,4/2/2021,April,Friday,14:28,PM,2550 ALVIN AV,San Jose,CA,37.31836,-121.82543
GRAND THEFT,210920320,2500 BLK ALVIN AV,San Jose Police,4/2/2021 10:17,4/2/2021,April,Friday,10:17,AM,2550 ALVIN AV,San Jose,CA,37.31836,-121.82543
LICENSE PLATE,211040632,200 BLK WILLOW ST,San Jose Police,4/14/2021 16:43,4/14/2021,April,Wednesday,16:43,PM,250 WILLOW ST,San Jose,CA,37.318394,-121.88312
BURGLARY,211040115,200 BLK WILLOW ST,San Jose Police,4/14/2021 14:28,4/14/2021,April,Wednesday,14:28,PM,250 WILLOW ST,San Jose,CA,37.318394,-121.88312
DISTURB PEACE,211060042,600 BLK NORDALE AV,San Jose Police,4/16/2021 1:11,4/16/2021,April,Friday, 1:11,AM,650 NORDALE AV,San Jose,CA,37.31841,-121.85685
DRUNK PUBLIC,210890997,2400 BLK FONTAINE RD,San Jose Police,3/30/2021 22:37,3/30/2021,March,Tuesday,22:37,PM,2450 FONTAINE RD,San Jose,CA,37.318436,-121.829315
CREDIT CARD,210913211,2600 BLK OTHELLO AV,San Jose Police,4/1/2021 12:37,4/1/2021,April,Thursday,12:37,PM,2650 OTHELLO AV,San Jose,CA,37.31845,-121.81984
DISTURB PEACE,210899507,2600 BLK OTHELLO AV,San Jose Police,3/30/2021 13:25,3/30/2021,March,Tuesday,13:25,PM,2650 OTHELLO AV,San Jose,CA,37.31845,-121.81984
VANDALISM,210943201,15 BLK W HUMBOLDT ST,San Jose Police,4/4/2021 10:37,4/4/2021,April,Sunday,10:37,AM,15 BLK W HUMBOLDT ST,San Jose,CA,37.318497,-121.876724
AUTO THEFT,210980583,100 BLK GRAHAM AV,San Jose Police,4/8/2021 16:09,4/8/2021,April,Thursday,16:09,PM,150 GRAHAM AV,San Jose,CA,37.319103,-121.881065
NARCOTICS,211000430,RIGOLETTO DR / AIDA AV,San Jose Police,4/10/2021 13:29,4/10/2021,April,Saturday,13:29,PM,RIGOLETTO DR &  AIDA AV,San Jose,CA,37.31917,-121.821655
VANDALISM,210930228,1700 BLK BEVIN BROOK DR,San Jose Police,4/3/2021 10:07,4/3/2021,April,Saturday,10:07,AM,1750 BEVIN BROOK DR,San Jose,CA,37.319176,-121.85557
ROBBERY,211030429,2400 BLK ALVIN AV,San Jose Police,4/13/2021 11:30,4/13/2021,April,Tuesday,11:30,AM,2450 ALVIN AV,San Jose,CA,37.31939,-121.82664
VANDALISM,211003200,2400 BLK ALVIN AV,San Jose Police,4/10/2021 10:49,4/10/2021,April,Saturday,10:49,AM,2450 ALVIN AV,San Jose,CA,37.31939,-121.82664
CHECKS,210959504,2400 BLK ALVIN AV,San Jose Police,4/5/2021 14:10,4/5/2021,April,Monday,14:10,PM,2450 ALVIN AV,San Jose,CA,37.31939,-121.82664
CHECKS,210889504,2400 BLK ALVIN AV,San Jose Police,3/29/2021 14:12,3/29/2021,March,Monday,14:12,PM,2450 ALVIN AV,San Jose,CA,37.31939,-121.82664
INDECENT EXPOSURE,210820300,2400 BLK ALVIN AV,San Jose Police,3/23/2021 10:24,3/23/2021,March,Tuesday,10:24,AM,2450 ALVIN AV,San Jose,CA,37.31939,-121.82664
VANDALISM,210983219,4100 BLK VOLTAIRE ST,San Jose Police,4/8/2021 9:18,4/8/2021,April,Thursday, 9:18,AM,4150 VOLTAIRE ST,San Jose,CA,37.319485,-121.76287
AUTO THEFT,210890216,4100 BLK VOLTAIRE ST,San Jose Police,3/30/2021 8:44,3/30/2021,March,Tuesday, 8:44,AM,4150 VOLTAIRE ST,San Jose,CA,37.319485,-121.76287
FORGERY/FRAUD,210973228,3100 BLK EDENBANK DR,San Jose Police,4/7/2021 16:57,4/7/2021,April,Wednesday,16:57,PM,3150 EDENBANK DR,San Jose,CA,37.319504,-121.79018
NARCOTICS,210890866,OTHELLO AV / RIGOLETTO DR,San Jose Police,3/30/2021 19:38,3/30/2021,March,Tuesday,19:38,PM,OTHELLO AV &  RIGOLETTO DR,San Jose,CA,37.31959,-121.82094
ASSAULT,211060813,2600 BLK BRAHMS AV,San Jose Police,4/16/2021 19:26,4/16/2021,April,Friday,19:26,PM,2650 BRAHMS AV,San Jose,CA,37.319603,-121.817566
NARCOTICS,211060803,2500 BLK S KING RD,San Jose Police,4/17/2021 0:02,4/17/2021,April,Saturday, 0:02,AM,2550 S KING RD,San Jose,CA,37.31961,-121.823265
BURGLARY,210940192,2500 BLK S KING RD,San Jose Police,4/4/2021 7:47,4/4/2021,April,Sunday, 7:47,AM,2550 S KING RD,San Jose,CA,37.31961,-121.823265
AGG ASSAULT,210879806,2500 BLK S KING RD,San Jose Police,3/28/2021 0:06,3/28/2021,March,Sunday, 0:06,AM,2550 S KING RD,San Jose,CA,37.31961,-121.823265
PETTY THEFT,210810047,2500 BLK S KING RD,San Jose Police,3/22/2021 1:12,3/22/2021,March,Monday, 1:12,AM,2550 S KING RD,San Jose,CA,37.31961,-121.823265
NARCOTICS,211030233,1600 BLK BURDETTE DR,San Jose Police,4/13/2021 8:17,4/13/2021,April,Tuesday, 8:17,AM,1650 BURDETTE DR,San Jose,CA,37.31976,-121.82591
PETTY THEFT,210840271,1600 BLK BURDETTE DR,San Jose Police,3/25/2021 9:28,3/25/2021,March,Thursday, 9:28,AM,1650 BURDETTE DR,San Jose,CA,37.31976,-121.82591
AGG ASSAULT,210839816,1300 BLK BAGELY WY,San Jose Police,3/24/2021 0:17,3/24/2021,March,Wednesday, 0:17,AM,1350 BAGELY WY,San Jose,CA,37.319847,-121.83534
LICENSE PLATE,210980729,1000 BLK DURNESS PL,San Jose Police,4/8/2021 18:27,4/8/2021,April,Thursday,18:27,PM,1050 DURNESS PL,San Jose,CA,37.320126,-121.843796
AUTO THEFT,210920535,15 BLK KEYES ST,San Jose Police,4/2/2021 13:53,4/2/2021,April,Friday,13:53,PM,15 BLK KEYES ST,San Jose,CA,37.320347,-121.877075
PETTY THEFT,210923223,3100 BLK WHITELEAF CT,San Jose Police,4/2/2021 3:25,4/2/2021,April,Friday, 3:25,AM,3150 WHITELEAF CT,San Jose,CA,37.320503,-121.78172
AGG ASSAULT,211070021,1000 BLK S 1ST ST,San Jose Police,4/17/2021 0:26,4/17/2021,April,Saturday, 0:26,AM,1050 S 1ST ST,San Jose,CA,37.320507,-121.87809
VANDALISM,210973213,1000 BLK S 1ST ST,San Jose Police,4/7/2021 7:43,4/7/2021,April,Wednesday, 7:43,AM,1050 S 1ST ST,San Jose,CA,37.320507,-121.87809
PETTY THEFT,210920307,3200 BLK CAROL LEAF CT,San Jose Police,4/2/2021 10:02,4/2/2021,April,Friday,10:02,AM,3250 CAROL LEAF CT,San Jose,CA,37.320766,-121.78082
NARCOTICS,211020146,BURDETTE DR / S KING RD,San Jose Police,4/12/2021 5:39,4/12/2021,April,Monday, 5:39,AM,BURDETTE DR &  S KING RD,San Jose,CA,37.320797,-121.8244
AUTO THEFT,211000289,2300 BLK TOLBERT CT,San Jose Police,4/10/2021 12:05,4/10/2021,April,Saturday,12:05,PM,2350 TOLBERT CT,San Jose,CA,37.32112,-121.83163
NARCOTICS,210900074,EVERDALE DR / CASTLETON DR,San Jose Police,3/31/2021 5:12,3/31/2021,March,Wednesday, 5:12,AM,EVERDALE DR &  CASTLETON DR,San Jose,CA,37.32123,-121.800735
AUTO THEFT,211010105,2000 BLK MCLAUGHLIN AV,San Jose Police,4/11/2021 1:29,4/11/2021,April,Sunday, 1:29,AM,2050 MCLAUGHLIN AV,San Jose,CA,37.321278,-121.84246
AGG ASSAULT,211060216,1600 BLK TULLY RD,San Jose Police,4/16/2021 8:51,4/16/2021,April,Friday, 8:51,AM,1650 TULLY RD,San Jose,CA,37.32144,-121.82722
ARSON,211010380,1600 BLK TULLY RD,San Jose Police,4/11/2021 10:33,4/11/2021,April,Sunday,10:33,AM,1650 TULLY RD,San Jose,CA,37.32144,-121.82722
VANDALISM,210990262,1600 BLK TULLY RD,San Jose Police,4/9/2021 10:30,4/9/2021,April,Friday,10:30,AM,1650 TULLY RD,San Jose,CA,37.32144,-121.82722
DRUNK PUBLIC,210960430,1600 BLK TULLY RD,San Jose Police,4/6/2021 12:11,4/6/2021,April,Tuesday,12:11,PM,1650 TULLY RD,San Jose,CA,37.32144,-121.82722
BURGLARY,210900158,1600 BLK TULLY RD,San Jose Police,3/31/2021 7:01,3/31/2021,March,Wednesday, 7:01,AM,1650 TULLY RD,San Jose,CA,37.32144,-121.82722
AUTO THEFT,211010378,2300 BLK LANAI AV,San Jose Police,4/11/2021 10:50,4/11/2021,April,Sunday,10:50,AM,2350 LANAI AV,San Jose,CA,37.321724,-121.830154
AUTO THEFT,210930790,3200 BLK VIN SANTO LN,San Jose Police,4/3/2021 19:45,4/3/2021,April,Saturday,19:45,PM,3250 VIN SANTO LN,San Jose,CA,37.32187,-121.77566
NARCOTICS,210960613,EVERDALE DR / STURLA DR,San Jose Police,4/6/2021 15:07,4/6/2021,April,Tuesday,15:07,PM,EVERDALE DR &  STURLA DR,San Jose,CA,37.32215,-121.80098
FORGERY/FRAUD,210863202,1800 BLK GRENADINE WY,San Jose Police,3/27/2021 15:14,3/27/2021,March,Saturday,15:14,PM,1850 GRENADINE WY,San Jose,CA,37.322205,-121.84746
AUTO THEFT,210970064,OSWEGO DR / ROBERTS AV,San Jose Police,4/7/2021 2:15,4/7/2021,April,Wednesday, 2:15,AM,OSWEGO DR &  ROBERTS AV,San Jose,CA,37.322243,-121.85296
PETTY THEFT,210970277,1800 BLK LUCRETIA AV,San Jose Police,4/7/2021 9:29,4/7/2021,April,Wednesday, 9:29,AM,1850 LUCRETIA AV,San Jose,CA,37.32234,-121.84969
VANDALISM,210823204,1800 BLK LUCRETIA AV,San Jose Police,3/23/2021 15:40,3/23/2021,March,Tuesday,15:40,PM,1850 LUCRETIA AV,San Jose,CA,37.32234,-121.84969
BURGLARY,210810431,1800 BLK LUCRETIA AV,San Jose Police,3/22/2021 12:41,3/22/2021,March,Monday,12:41,PM,1850 LUCRETIA AV,San Jose,CA,37.32234,-121.84969
NARCOTICS,210890799,2800 BLK SMITHERS DR,San Jose Police,3/30/2021 18:27,3/30/2021,March,Tuesday,18:27,PM,2850 SMITHERS DR,San Jose,CA,37.322414,-121.80255
AGG ASSAULT,211030900,2800 BLK SMITHERS DRIVE,San Jose Police,4/13/2021 19:16,4/13/2021,April,Tuesday,19:16,PM,2850 SMITHERS DRIVE,San Jose,CA,37.322414,-121.80255
ASSAULT,210979504,1100 BLK S 8TH ST,San Jose Police,4/7/2021 13:01,4/7/2021,April,Wednesday,13:01,PM,1150 S 8TH ST,San Jose,CA,37.322495,-121.87032
NARCOTICS,210830603,OSWEGO DR / TRIESTE CT,San Jose Police,3/24/2021 16:10,3/24/2021,March,Wednesday,16:10,PM,OSWEGO DR &  TRIESTE CT,San Jose,CA,37.322693,-121.852234
LICENSE PLATE,211050402,1700 BLK TULLY RD,San Jose Police,4/15/2021 12:33,4/15/2021,April,Thursday,12:33,PM,1750 TULLY RD,San Jose,CA,37.32279,-121.825264
NARCOTICS,211020208,1700 BLK TULLY RD,San Jose Police,4/12/2021 7:36,4/12/2021,April,Monday, 7:36,AM,1750 TULLY RD,San Jose,CA,37.32279,-121.825264
ASSAULT,210920826,1700 BLK TULLY RD,San Jose Police,4/2/2021 14:46,4/2/2021,April,Friday,14:46,PM,1750 TULLY RD,San Jose,CA,37.32279,-121.825264
PETTY THEFT,211040517,2900 BLK REMINGTON WY,San Jose Police,4/14/2021 14:46,4/14/2021,April,Wednesday,14:46,PM,2950 REMINGTON WY,San Jose,CA,37.323,-121.79389
AUTO THEFT,210850108,1800 BLK MARTELLO DR,San Jose Police,3/26/2021 4:07,3/26/2021,March,Friday, 4:07,AM,1850 MARTELLO DR,San Jose,CA,37.323017,-121.84536
AGG ASSAULT,210859801,900 BLK MILLS CORNER LN,San Jose Police,3/26/2021 17:21,3/26/2021,March,Friday,17:21,PM,950 MILLS CORNER LN,San Jose,CA,37.323246,-121.84879
GRAND THEFT,210883224,3400 BLK CHEMIN DE RIVIERE,San Jose Police,3/29/2021 10:49,3/29/2021,March,Monday,10:49,AM,3450 CHEMIN DE RIVIERE,San Jose,CA,37.32333,-121.77078
ASSAULT,211040471,2200 BLK QUIMBY RD,San Jose Police,4/14/2021 17:50,4/14/2021,April,Wednesday,17:50,PM,2250 QUIMBY RD,San Jose,CA,37.323345,-121.81062
VANDALISM,211010556,2800 BLK BURDICK WY,San Jose Police,4/11/2021 14:43,4/11/2021,April,Sunday,14:43,PM,2850 BURDICK WY,San Jose,CA,37.32351,-121.79973
AUTO THEFT,210830160,700 BLK STATE ST,San Jose Police,3/24/2021 7:20,3/24/2021,March,Wednesday, 7:20,AM,750 STATE ST,San Jose,CA,37.323597,-121.883804
DUI,210870204,BESTOR ST/ S 6TH ST.,San Jose Police,3/28/2021 7:35,3/28/2021,March,Sunday, 7:35,AM,BESTOR ST & S 6TH ST.,San Jose,CA,37.3237,-121.87408
NARCOTICS,210901119,HURAN DR / TULLY RD,San Jose Police,4/1/2021 3:53,4/1/2021,April,Thursday, 3:53,AM,HURAN DR &  TULLY RD,San Jose,CA,37.32382,-121.82375
AUTO THEFT,211040209,1300 BLK BALI CT,San Jose Police,4/14/2021 8:53,4/14/2021,April,Wednesday, 8:53,AM,1350 BALI CT,San Jose,CA,37.323902,-121.83868
ASSAULT,210920527,2800 BLK S WHITE RD,San Jose Police,4/2/2021 13:40,4/2/2021,April,Friday,13:40,PM,2850 S WHITE RD,San Jose,CA,37.32397,-121.79664
PETTY THEFT,210953225,1100 BLK S 12TH ST,San Jose Police,4/5/2021 13:51,4/5/2021,April,Monday,13:51,PM,1150 S 12TH ST,San Jose,CA,37.323975,-121.865776
AUTO THEFT,210900018,1600 BLK HONEYSUCKLE DR,San Jose Police,3/31/2021 0:21,3/31/2021,March,Wednesday, 0:21,AM,1650 HONEYSUCKLE DR,San Jose,CA,37.32406,-121.83046
LICENSE PLATE,210850777,1600 BLK HONEYSUCKLE DR,San Jose Police,3/26/2021 19:07,3/26/2021,March,Friday,19:07,PM,1650 HONEYSUCKLE DR,San Jose,CA,37.32406,-121.83046
PETTY THEFT,210810604,1600 BLK HONEYSUCKLE DR,San Jose Police,3/22/2021 15:45,3/22/2021,March,Monday,15:45,PM,1650 HONEYSUCKLE DR,San Jose,CA,37.32406,-121.83046
PETTY THEFT,210983205,15 BLK E VIRGINIA ST,San Jose Police,4/8/2021 19:11,4/8/2021,April,Thursday,19:11,PM,15 BLK E VIRGINIA ST,San Jose,CA,37.324238,-121.881195
WEAPONS,210840226,1700 BLK MCLAUGHLIN AVE,San Jose Police,3/25/2021 8:45,3/25/2021,March,Thursday, 8:45,AM,1750 MCLAUGHLIN AVE,San Jose,CA,37.324333,-121.84545
VANDALISM,210980389,1400 BLK ROBERTS AV,San Jose Police,4/8/2021 12:36,4/8/2021,April,Thursday,12:36,PM,1450 ROBERTS AV,San Jose,CA,37.324406,-121.85509
VANDALISM,210980300,1400 BLK ROBERTS AV,San Jose Police,4/8/2021 10:47,4/8/2021,April,Thursday,10:47,AM,1450 ROBERTS AV,San Jose,CA,37.324406,-121.85509
AUTO THEFT,211010525,1000 BLK S 9TH ST,San Jose Police,4/11/2021 14:02,4/11/2021,April,Sunday,14:02,PM,1050 S 9TH ST,San Jose,CA,37.324436,-121.870346
ARSON,210900534,ROBERTS AV / VINTAGE WY,San Jose Police,3/31/2021 13:25,3/31/2021,March,Wednesday,13:25,PM,ROBERTS AV &  VINTAGE WY,San Jose,CA,37.324448,-121.85513
AUTO THEFT,210830234,2200 BLK TAMPA WY,San Jose Police,3/24/2021 8:36,3/24/2021,March,Wednesday, 8:36,AM,2250 TAMPA WY,San Jose,CA,37.324493,-121.82919
NARCOTICS,210861169,15 BLK UNION ST,San Jose Police,3/27/2021 23:54,3/27/2021,March,Saturday,23:54,PM,15 BLK UNION ST,San Jose,CA,37.32457,-121.882454
ASSAULT,211040909,3100 BLK QUIMBY RD,San Jose Police,4/14/2021 22:21,4/14/2021,April,Wednesday,22:21,PM,3150 QUIMBY RD,San Jose,CA,37.324837,-121.78666
DUI,210921088,3100 BLK REMINGTON WY,San Jose Police,4/3/2021 1:06,4/3/2021,April,Saturday, 1:06,AM,3150 REMINGTON WY,San Jose,CA,37.32498,-121.787
AUTO THEFT,211050351,2100 BLK SARASOTA WY,San Jose Police,4/15/2021 11:45,4/15/2021,April,Thursday,11:45,AM,2150 SARASOTA WY,San Jose,CA,37.325024,-121.83429
BURGLARY,211070172,1900 BLK TULLY RD,San Jose Police,4/17/2021 7:13,4/17/2021,April,Saturday, 7:13,AM,1950 TULLY RD,San Jose,CA,37.325176,-121.82174
PETTY THEFT,211010644,1900 BLK TULLY RD,San Jose Police,4/11/2021 16:24,4/11/2021,April,Sunday,16:24,PM,1950 TULLY RD,San Jose,CA,37.325176,-121.82174
VANDALISM,210929501,1900 BLK TULLY RD,San Jose Police,4/2/2021 14:05,4/2/2021,April,Friday,14:05,PM,1950 TULLY RD,San Jose,CA,37.325176,-121.82174
ROBBERY,210910930,1900 BLK TULLY RD,San Jose Police,4/1/2021 20:15,4/1/2021,April,Thursday,20:15,PM,1950 TULLY RD,San Jose,CA,37.325176,-121.82174
AUTO THEFT,210930550,S 9TH ST / BESTOR ST,San Jose Police,4/3/2021 20:17,4/3/2021,April,Saturday,20:17,PM,S 9TH ST &  BESTOR ST,San Jose,CA,37.325203,-121.870926
PETTY THEFT,211023230,3500 BLK COUR DE CHARLES,San Jose Police,4/12/2021 11:16,4/12/2021,April,Monday,11:16,AM,3550 COUR DE CHARLES,San Jose,CA,37.32531,-121.769035
ROBBERY,210890455,2100 BLK LANAI AV,San Jose Police,3/30/2021 15:06,3/30/2021,March,Tuesday,15:06,PM,2150 LANAI AV,San Jose,CA,37.325466,-121.83359
BURGLARY,211050578,1100 BLK FAIR AV,San Jose Police,4/15/2021 15:49,4/15/2021,April,Thursday,15:49,PM,1150 FAIR AV,San Jose,CA,37.325493,-121.84758
FORGERY/FRAUD,210999502,2900 BLK COVEWOOD CT,San Jose Police,4/9/2021 15:48,4/9/2021,April,Friday,15:48,PM,2950 COVEWOOD CT,San Jose,CA,37.32592,-121.7932
ASSAULT,210970370,700 BLK STORY RD,San Jose Police,4/7/2021 10:40,4/7/2021,April,Wednesday,10:40,AM,750 STORY RD,San Jose,CA,37.32601,-121.86503
VANDALISM,210960116,700 BLK STORY RD,San Jose Police,4/6/2021 4:06,4/6/2021,April,Tuesday, 4:06,AM,750 STORY RD,San Jose,CA,37.32601,-121.86503
ROBBERY,210950259,700 BLK STORY RD,San Jose Police,4/5/2021 10:46,4/5/2021,April,Monday,10:46,AM,750 STORY RD,San Jose,CA,37.32601,-121.86503
NARCOTICS,210930407,700 BLK STORY RD,San Jose Police,4/3/2021 12:37,4/3/2021,April,Saturday,12:37,PM,750 STORY RD,San Jose,CA,37.32601,-121.86503
VANDALISM,210910582,700 BLK STORY RD,San Jose Police,4/1/2021 14:40,4/1/2021,April,Thursday,14:40,PM,750 STORY RD,San Jose,CA,37.32601,-121.86503
PETTY THEFT,210840958,700 BLK STORY RD,San Jose Police,3/25/2021 21:02,3/25/2021,March,Thursday,21:02,PM,750 STORY RD,San Jose,CA,37.32601,-121.86503
NARCOTICS,211000416,700 BLK STORY RD.,San Jose Police,4/10/2021 13:14,4/10/2021,April,Saturday,13:14,PM,750 STORY RD.,San Jose,CA,37.32601,-121.86503
AUTO THEFT,210810568,1500 BLK CUNNINGHAM AV,San Jose Police,3/22/2021 15:04,3/22/2021,March,Monday,15:04,PM,1550 CUNNINGHAM AV,San Jose,CA,37.326042,-121.835175
AGG ASSAULT,210879815,2500 BLK SEDLAK CT,San Jose Police,3/28/2021 2:07,3/28/2021,March,Sunday, 2:07,AM,2550 SEDLAK CT,San Jose,CA,37.32614,-121.80494
AUTO THEFT,211040180,1500 BLK CLEMENCE AV,San Jose Police,4/14/2021 8:25,4/14/2021,April,Wednesday, 8:25,AM,1550 CLEMENCE AV,San Jose,CA,37.326206,-121.850334
NARCOTICS,210830997,1100 BLK ROBERTS AV,San Jose Police,3/24/2021 22:10,3/24/2021,March,Wednesday,22:10,PM,1150 ROBERTS AV,San Jose,CA,37.326767,-121.85743
AUTO THEFT,210950651,1000 BLK ALGIERS AV,San Jose Police,4/5/2021 20:10,4/5/2021,April,Monday,20:10,PM,1050 ALGIERS AV,San Jose,CA,37.32678,-121.85006
AUTO THEFT,211020902,1300 BLK LUCRETIA AV,San Jose Police,4/12/2021 22:41,4/12/2021,April,Monday,22:41,PM,1350 LUCRETIA AV,San Jose,CA,37.326813,-121.854195
AUTO THEFT,210880364,1300 BLK LUCRETIA AV,San Jose Police,3/29/2021 10:37,3/29/2021,March,Monday,10:37,AM,1350 LUCRETIA AV,San Jose,CA,37.326813,-121.854195
GRAND THEFT,211060810,2100 BLK TULLY RD,San Jose Police,4/16/2021 19:18,4/16/2021,April,Friday,19:18,PM,2150 TULLY RD,San Jose,CA,37.3269,-121.8192
CREDIT CARD,210953210,2100 BLK TULLY RD,San Jose Police,4/5/2021 14:43,4/5/2021,April,Monday,14:43,PM,2150 TULLY RD,San Jose,CA,37.3269,-121.8192
BURGLARY,210930084,2100 BLK TULLY RD,San Jose Police,4/3/2021 1:45,4/3/2021,April,Saturday, 1:45,AM,2150 TULLY RD,San Jose,CA,37.3269,-121.8192
PETTY THEFT,210983231,15 BLK PIERCE AV,San Jose Police,4/8/2021 16:51,4/8/2021,April,Thursday,16:51,PM,15 BLK PIERCE AV,San Jose,CA,37.32724,-121.88534
FORGERY/FRAUD,210853215,1700 BLK QUIMBY RD,San Jose Police,3/26/2021 7:36,3/26/2021,March,Friday, 7:36,AM,1750 QUIMBY RD,San Jose,CA,37.32732,-121.820984
BURGLARY,210970246,1600 BLK CUNNINGHAM AV,San Jose Police,4/7/2021 8:57,4/7/2021,April,Wednesday, 8:57,AM,1650 CUNNINGHAM AV,San Jose,CA,37.327354,-121.83311
FORGERY/FRAUD,210819511,1600 BLK CUNNINGHAM AV,San Jose Police,3/22/2021 13:47,3/22/2021,March,Monday,13:47,PM,1650 CUNNINGHAM AV,San Jose,CA,37.327354,-121.83311
GRAND THEFT,210913212,15 BLK E REED ST,San Jose Police,4/1/2021 10:41,4/1/2021,April,Thursday,10:41,AM,15 BLK E REED ST,San Jose,CA,37.327377,-121.8832
PETTY THEFT,210823227,15 BLK E REED ST,San Jose Police,3/23/2021 11:34,3/23/2021,March,Tuesday,11:34,AM,15 BLK E REED ST,San Jose,CA,37.327377,-121.8832
VANDALISM,210823230,1400 BLK CLEMENCE CT,San Jose Police,3/23/2021 23:25,3/23/2021,March,Tuesday,23:25,PM,1450 CLEMENCE CT,San Jose,CA,37.327435,-121.851654
VANDALISM,210963216,1800 BLK TERILYN AV,San Jose Police,4/6/2021 16:06,4/6/2021,April,Tuesday,16:06,PM,1850 TERILYN AV,San Jose,CA,37.32755,-121.8381
AUTO THEFT,210980888,2200 BLK EASTRIDGE LP,San Jose Police,4/8/2021 22:21,4/8/2021,April,Thursday,22:21,PM,2250 EASTRIDGE LP,San Jose,CA,37.327568,-121.81607
ROBBERY,210950657,2200 BLK EASTRIDGE LP,San Jose Police,4/5/2021 18:57,4/5/2021,April,Monday,18:57,PM,2250 EASTRIDGE LP,San Jose,CA,37.327568,-121.81607
ASSAULT,210959509,2200 BLK EASTRIDGE LP,San Jose Police,4/5/2021 16:24,4/5/2021,April,Monday,16:24,PM,2250 EASTRIDGE LP,San Jose,CA,37.327568,-121.81607
AUTO THEFT,210930867,2200 BLK EASTRIDGE LP,San Jose Police,4/3/2021 21:07,4/3/2021,April,Saturday,21:07,PM,2250 EASTRIDGE LP,San Jose,CA,37.327568,-121.81607
AUTO THEFT,210880570,2200 BLK EASTRIDGE LP,San Jose Police,3/29/2021 14:58,3/29/2021,March,Monday,14:58,PM,2250 EASTRIDGE LP,San Jose,CA,37.327568,-121.81607
GRAND THEFT,210849506,2200 BLK EASTRIDGE LP,San Jose Police,3/25/2021 14:22,3/25/2021,March,Thursday,14:22,PM,2250 EASTRIDGE LP,San Jose,CA,37.327568,-121.81607
ROBBERY,211020154,INMAN WY / WAVERLY AV,San Jose Police,4/12/2021 5:00,4/12/2021,April,Monday, 5:00,AM,INMAN WY &  WAVERLY AV,San Jose,CA,37.327602,-121.82638
AGG ASSAULT,210859821,2000 BLK S KING RD,San Jose Police,3/26/2021 22:04,3/26/2021,March,Friday,22:04,PM,2050 S KING RD,San Jose,CA,37.327606,-121.83107
VANDALISM,210943210,1200 BLK LUCRETIA AV,San Jose Police,4/4/2021 16:42,4/4/2021,April,Sunday,16:42,PM,1250 LUCRETIA AV,San Jose,CA,37.327812,-121.85514
DUI,210890947,MIDFIELD AV/HAVANA WY,San Jose Police,3/30/2021 21:20,3/30/2021,March,Tuesday,21:20,PM,MIDFIELD AV & HAVANA WY,San Jose,CA,37.327843,-121.8395
GRAND THEFT,210820314,500 BLK MARTHA ST,San Jose Police,3/23/2021 10:37,3/23/2021,March,Tuesday,10:37,AM,550 MARTHA ST,San Jose,CA,37.32788,-121.86938
PORNOGRAPHY,210920807,1500 BLK HAVANA DR,San Jose Police,4/2/2021 18:39,4/2/2021,April,Friday,18:39,PM,1550 HAVANA DR,San Jose,CA,37.32832,-121.83869
AGG ASSAULT,211000441,1800 BLK MIDFIELD AV,San Jose Police,4/10/2021 13:43,4/10/2021,April,Saturday,13:43,PM,1850 MIDFIELD AV,San Jose,CA,37.3284,-121.840065
AUTO THEFT,210930146,1800 BLK MIDFIELD AV,San Jose Police,4/3/2021 5:01,4/3/2021,April,Saturday, 5:01,AM,1850 MIDFIELD AV,San Jose,CA,37.3284,-121.840065
GRAND THEFT,210843227,900 BLK BELLHURST AV,San Jose Police,3/25/2021 15:56,3/25/2021,March,Thursday,15:56,PM,950 BELLHURST AV,San Jose,CA,37.328808,-121.85501
PETTY THEFT,211050593,2200 BLK TULLY RD,San Jose Police,4/15/2021 22:34,4/15/2021,April,Thursday,22:34,PM,2250 TULLY RD,San Jose,CA,37.32885,-121.816284
BURGLARY,210930495,2200 BLK TULLY RD,San Jose Police,4/3/2021 14:25,4/3/2021,April,Saturday,14:25,PM,2250 TULLY RD,San Jose,CA,37.32885,-121.816284
VANDALISM,210983212,3300 BLK PINKERTON DR,San Jose Police,4/8/2021 5:53,4/8/2021,April,Thursday, 5:53,AM,3350 PINKERTON DR,San Jose,CA,37.32886,-121.78585
ASSAULT,210970635,1600 BLK CRUCERO DR,San Jose Police,4/7/2021 15:01,4/7/2021,April,Wednesday,15:01,PM,1650 CRUCERO DR,San Jose,CA,37.32924,-121.843155
AUTO THEFT,210940296,1600 BLK CRUCERO DR,San Jose Police,4/4/2021 10:46,4/4/2021,April,Sunday,10:46,AM,1650 CRUCERO DR,San Jose,CA,37.32924,-121.843155
AGG ASSAULT,210829834,1600 BLK CRUCERO DR,San Jose Police,3/23/2021 20:56,3/23/2021,March,Tuesday,20:56,PM,1650 CRUCERO DR,San Jose,CA,37.32924,-121.843155
AGG ASSAULT,210889803,2100 BLK CEYLON CT,San Jose Police,3/29/2021 0:03,3/29/2021,March,Monday, 0:03,AM,2150 CEYLON CT,San Jose,CA,37.32926,-121.82571
VANDALISM,210973205,2800 BLK GLEN DONEGAL DR,San Jose Police,4/7/2021 10:38,4/7/2021,April,Wednesday,10:38,AM,2850 GLEN DONEGAL DR,San Jose,CA,37.329456,-121.80448
NARCOTICS,210940104,1100 BLK LUCRETIA AVE,San Jose Police,4/4/2021 2:26,4/4/2021,April,Sunday, 2:26,AM,1150 LUCRETIA AVE,San Jose,CA,37.32963,-121.85692
VANDALISM,210840987,1800 BLK CUNNINGHAM AV,San Jose Police,3/25/2021 21:50,3/25/2021,March,Thursday,21:50,PM,1850 CUNNINGHAM AV,San Jose,CA,37.32977,-121.82956
AGG ASSAULT,211060705,1400 BLK TAMI LEE DR,San Jose Police,4/16/2021 17:15,4/16/2021,April,Friday,17:15,PM,1450 TAMI LEE DR,San Jose,CA,37.32992,-121.84479
BURGLARY,211020248,1300 BLK MCQUESTEN DR,San Jose Police,4/12/2021 8:37,4/12/2021,April,Monday, 8:37,AM,1350 MCQUESTEN DR,San Jose,CA,37.33008,-121.846436
AUTO THEFT,211020148,1300 BLK SANTEE DR,San Jose Police,4/12/2021 5:13,4/12/2021,April,Monday, 5:13,AM,1350 SANTEE DR,San Jose,CA,37.330143,-121.84754
VANDALISM,211023227,3600 BLK SATINWOOD DR,San Jose Police,4/12/2021 11:52,4/12/2021,April,Monday,11:52,AM,3650 SATINWOOD DR,San Jose,CA,37.330273,-121.77294
VANDALISM,211040291,400 BLK S 3RD ST,San Jose Police,4/14/2021 11:42,4/14/2021,April,Wednesday,11:42,AM,450 S 3RD ST,San Jose,CA,37.330276,-121.88332
AGG ASSAULT,210910984,400 BLK S 3RD ST,San Jose Police,4/3/2021 2:11,4/3/2021,April,Saturday, 2:11,AM,450 S 3RD ST,San Jose,CA,37.330276,-121.88332
FORGERY/FRAUD,211053209,1000 BLK OWSLEY AV,San Jose Police,4/15/2021 17:55,4/15/2021,April,Thursday,17:55,PM,1050 OWSLEY AV,San Jose,CA,37.330402,-121.85422
AGG ASSAULT,210859833,3100 BLK PEANUT BRITTLE DR,San Jose Police,3/26/2021 22:40,3/26/2021,March,Friday,22:40,PM,3150 PEANUT BRITTLE DR,San Jose,CA,37.330486,-121.79301
BURGLARY,210900116,900 BLK STORY RD,San Jose Police,3/31/2021 5:24,3/31/2021,March,Wednesday, 5:24,AM,950 STORY RD,San Jose,CA,37.33064,-121.85675
GRAND THEFT,210830134,900 BLK STORY RD,San Jose Police,3/24/2021 5:48,3/24/2021,March,Wednesday, 5:48,AM,950 STORY RD,San Jose,CA,37.33064,-121.85675
BURGLARY,210830111,900 BLK STORY RD,San Jose Police,3/24/2021 4:34,3/24/2021,March,Wednesday, 4:34,AM,950 STORY RD,San Jose,CA,37.33064,-121.85675
BURGLARY,210870248,400 BLK SOUTH 4TH STREET,San Jose Police,3/28/2021 9:14,3/28/2021,March,Sunday, 9:14,AM,450 SOUTH 4TH STREET,San Jose,CA,37.33079,-121.88228
AUTO THEFT,210910211,1100 BLK WINSLOW DR,San Jose Police,4/1/2021 7:59,4/1/2021,April,Thursday, 7:59,AM,1150 WINSLOW DR,San Jose,CA,37.33085,-121.85004
AUTO THEFT,200910211,1100 BLK WINSLOW DR,San Jose Police,4/1/2021 7:59,4/1/2021,April,Thursday, 7:59,AM,1150 WINSLOW DR,San Jose,CA,37.33085,-121.85004
FORGERY/FRAUD,210833221,1400 BLK CRUCERO DR,San Jose Police,3/24/2021 21:41,3/24/2021,March,Wednesday,21:41,PM,1450 CRUCERO DR,San Jose,CA,37.33085,-121.84472
AGG ASSAULT,210870525,3000 BLK PEPPERMINT DR,San Jose Police,3/28/2021 18:37,3/28/2021,March,Sunday,18:37,PM,3050 PEPPERMINT DR,San Jose,CA,37.330868,-121.79669
NARCOTICS,211060432,1100 BLK OWSLEY AV,San Jose Police,4/16/2021 13:15,4/16/2021,April,Friday,13:15,PM,1150 OWSLEY AV,San Jose,CA,37.33106,-121.853096
ASSAULT,210980366,2800 BLK GLEN HAWKINS CT,San Jose Police,4/8/2021 12:05,4/8/2021,April,Thursday,12:05,PM,2850 GLEN HAWKINS CT,San Jose,CA,37.331154,-121.803154
LICENSE PLATE,210960733,1500 BLK MIDFIELD AV,San Jose Police,4/6/2021 17:11,4/6/2021,April,Tuesday,17:11,PM,1550 MIDFIELD AV,San Jose,CA,37.33124,-121.842834
ASSAULT,210890345,1700 BLK OCALA AV,San Jose Police,3/30/2021 10:37,3/30/2021,March,Tuesday,10:37,AM,1750 OCALA AV,San Jose,CA,37.33134,-121.83415
PETTY THEFT,211049519,1000 BLK STORY RD,San Jose Police,4/14/2021 15:23,4/14/2021,April,Wednesday,15:23,PM,1050 STORY RD,San Jose,CA,37.331383,-121.85566
AGG ASSAULT,210870672,1000 BLK STORY RD,San Jose Police,3/28/2021 17:13,3/28/2021,March,Sunday,17:13,PM,1050 STORY RD,San Jose,CA,37.331383,-121.85566
ASSAULT,210810688,1000 BLK STORY RD,San Jose Police,3/22/2021 17:08,3/22/2021,March,Monday,17:08,PM,1050 STORY RD,San Jose,CA,37.331383,-121.85566
PETTY THEFT,211050831,100 BLK E SAN SALVADOR ST,San Jose Police,4/15/2021 19:59,4/15/2021,April,Thursday,19:59,PM,150 E SAN SALVADOR ST,San Jose,CA,37.33156,-121.88274
VANDALISM,210963200,2100 BLK BAYHAVEN DR,San Jose Police,4/6/2021 6:00,4/6/2021,April,Tuesday, 6:00,AM,2150 BAYHAVEN DR,San Jose,CA,37.33156,-121.82213
AUTO THEFT,211000336,GLEN HAIG WY @ GLEN DARBY CT,San Jose Police,4/10/2021 11:44,4/10/2021,April,Saturday,11:44,AM,GLEN HAIG WY @ GLEN DARBY CT,San Jose,CA,37.331665,-121.80153
FORGERY/FRAUD,211003202,2800 BLK GLEN DIXON CT,San Jose Police,4/10/2021 23:43,4/10/2021,April,Saturday,23:43,PM,2850 GLEN DIXON CT,San Jose,CA,37.331745,-121.80661
VANDALISM,210970052,1100 BLK MCLAUGHLIN AV,San Jose Police,4/7/2021 1:28,4/7/2021,April,Wednesday, 1:28,AM,1150 MCLAUGHLIN AV,San Jose,CA,37.332195,-121.85311
NARCOTICS,210930858,300 BLK E WILLIAM ST,San Jose Police,4/3/2021 20:58,4/3/2021,April,Saturday,20:58,PM,350 E WILLIAM ST,San Jose,CA,37.332325,-121.877
AUTO THEFT,210820135,2000 BLK BAYHAVEN DR,San Jose Police,3/23/2021 7:16,3/23/2021,March,Tuesday, 7:16,AM,2050 BAYHAVEN DR,San Jose,CA,37.33246,-121.82308
AGG ASSAULT,210879825,2000 BLK BAYHEAVEN DR,San Jose Police,3/28/2021 0:08,3/28/2021,March,Sunday, 0:08,AM,2050 BAYHEAVEN DR,San Jose,CA,37.33246,-121.82308
AUTO THEFT,210880280,FLORIDA AV / MIAMI DR,San Jose Police,3/29/2021 9:32,3/29/2021,March,Monday, 9:32,AM,FLORIDA AV &  MIAMI DR,San Jose,CA,37.332664,-121.83847
FORGERY/FRAUD,210823233,1600 BLK MIAMI DR,San Jose Police,3/23/2021 18:00,3/23/2021,March,Tuesday,18:00,PM,1650 MIAMI DR,San Jose,CA,37.33296,-121.83798
ARSON,210960615,400 BLK E WILLIAM ST,San Jose Police,4/6/2021 15:42,4/6/2021,April,Tuesday,15:42,PM,450 E WILLIAM ST,San Jose,CA,37.33302,-121.875534
AUTO THEFT,210930656,400 BLK E WILLIAM ST,San Jose Police,4/3/2021 17:36,4/3/2021,April,Saturday,17:36,PM,450 E WILLIAM ST,San Jose,CA,37.33302,-121.875534
ROBBERY,211060852,1100 BLK STORY RD,San Jose Police,4/16/2021 20:08,4/16/2021,April,Friday,20:08,PM,1150 STORY RD,San Jose,CA,37.333153,-121.853
ROBBERY,211020770,1100 BLK STORY RD,San Jose Police,4/12/2021 17:18,4/12/2021,April,Monday,17:18,PM,1150 STORY RD,San Jose,CA,37.333153,-121.853
BURGLARY,210950120,1100 BLK STORY RD,San Jose Police,4/5/2021 5:59,4/5/2021,April,Monday, 5:59,AM,1150 STORY RD,San Jose,CA,37.333153,-121.853
GRAND THEFT,210930657,1100 BLK STORY RD,San Jose Police,4/3/2021 17:31,4/3/2021,April,Saturday,17:31,PM,1150 STORY RD,San Jose,CA,37.333153,-121.853
NARCOTICS,210840343,1100 BLK STORY RD,San Jose Police,3/25/2021 13:38,3/25/2021,March,Thursday,13:38,PM,1150 STORY RD,San Jose,CA,37.333153,-121.853
VANDALISM,210970682,2400 BLK GLEN HAIG WY,San Jose Police,4/7/2021 23:37,4/7/2021,April,Wednesday,23:37,PM,2450 GLEN HAIG WY,San Jose,CA,37.333504,-121.80217
VANDALISM,210960354,FORESTDALE AV / JEANNE AV,San Jose Police,4/6/2021 11:04,4/6/2021,April,Tuesday,11:04,AM,FORESTDALE AV &  JEANNE AV,San Jose,CA,37.33353,-121.86414
BURGLARY,210950086,1000 BLK MCLAUGHLIN AV,San Jose Police,4/5/2021 3:41,4/5/2021,April,Monday, 3:41,AM,1050 MCLAUGHLIN AV,San Jose,CA,37.333637,-121.85453
VANDALISM,210910848,1000 BLK MCLAUGHLIN AV,San Jose Police,4/1/2021 18:43,4/1/2021,April,Thursday,18:43,PM,1050 MCLAUGHLIN AV,San Jose,CA,37.333637,-121.85453
VANDALISM,210830275,1000 BLK MCLAUGHLIN AV,San Jose Police,3/24/2021 9:21,3/24/2021,March,Wednesday, 9:21,AM,1050 MCLAUGHLIN AV,San Jose,CA,37.333637,-121.85453
AGG ASSAULT,211010865,2400 BLK GLEN FOX CT,San Jose Police,4/11/2021 23:26,4/11/2021,April,Sunday,23:26,PM,2450 GLEN FOX CT,San Jose,CA,37.33375,-121.801315
ARSON,211060696,1200 BLK STORY RD,San Jose Police,4/16/2021 17:40,4/16/2021,April,Friday,17:40,PM,1250 STORY RD,San Jose,CA,37.333775,-121.85207
BURGLARY,211060255,1200 BLK STORY RD,San Jose Police,4/16/2021 9:54,4/16/2021,April,Friday, 9:54,AM,1250 STORY RD,San Jose,CA,37.333775,-121.85207
ARSON,211030385,1200 BLK STORY RD,San Jose Police,4/13/2021 5:15,4/13/2021,April,Tuesday, 5:15,AM,1250 STORY RD,San Jose,CA,37.333775,-121.85207
BURGLARY,210920116,1200 BLK STORY RD,San Jose Police,4/2/2021 3:27,4/2/2021,April,Friday, 3:27,AM,1250 STORY RD,San Jose,CA,37.333775,-121.85207
VANDALISM,210900132,1200 BLK STORY RD,San Jose Police,3/31/2021 5:56,3/31/2021,March,Wednesday, 5:56,AM,1250 STORY RD,San Jose,CA,37.333775,-121.85207
VANDALISM,210880599,1200 BLK STORY RD,San Jose Police,3/29/2021 14:26,3/29/2021,March,Monday,14:26,PM,1250 STORY RD,San Jose,CA,37.333775,-121.85207
ASSAULT,210850333,1200 BLK STORY RD,San Jose Police,3/26/2021 11:47,3/26/2021,March,Friday,11:47,AM,1250 STORY RD,San Jose,CA,37.333775,-121.85207
ASSAULT,211020614,800 BLK JEANNE AV,San Jose Police,4/12/2021 14:44,4/12/2021,April,Monday,14:44,PM,850 JEANNE AV,San Jose,CA,37.334015,-121.86302
ASSAULT,211040539,1400 BLK FLORIDA AV,San Jose Police,4/14/2021 15:20,4/14/2021,April,Wednesday,15:20,PM,1450 FLORIDA AV,San Jose,CA,37.334167,-121.83993
ASSAULT,211030474,1400 BLK FLORIDA AV,San Jose Police,4/13/2021 12:04,4/13/2021,April,Tuesday,12:04,PM,1450 FLORIDA AV,San Jose,CA,37.334167,-121.83993
FORGERY/FRAUD,210819512,2600 BLK GOLDWOOD CT,San Jose Police,3/22/2021 14:16,3/22/2021,March,Monday,14:16,PM,2650 GOLDWOOD CT,San Jose,CA,37.33418,-121.79263
AGG ASSAULT,210879817,2600 BLK VISTA VERDE DR,San Jose Police,3/28/2021 0:07,3/28/2021,March,Sunday, 0:07,AM,2650 VISTA VERDE DR,San Jose,CA,37.33435,-121.79368
NARCOTICS,211050226,FELIPE AV / OLINDER CT,San Jose Police,4/15/2021 9:33,4/15/2021,April,Thursday, 9:33,AM,FELIPE AV &  OLINDER CT,San Jose,CA,37.33469,-121.851944
AGG ASSAULT,210859845,1800 BLK DAYTONA DR,San Jose Police,3/26/2021 22:14,3/26/2021,March,Friday,22:14,PM,1850 DAYTONA DR,San Jose,CA,37.334755,-121.82729
NARCOTICS,211000973,WOODBOROUGH PL / WOODBOROUGH CT,San Jose Police,4/10/2021 23:15,4/10/2021,April,Saturday,23:15,PM,WOODBOROUGH PL &  WOODBOROUGH CT,San Jose,CA,37.33492,-121.865395
ROBBERY,210970762,900 BLK MCLAUGHLIN AV,San Jose Police,4/7/2021 17:20,4/7/2021,April,Wednesday,17:20,PM,950 MCLAUGHLIN AV,San Jose,CA,37.33498,-121.85587
NARCOTICS,210920961,1400 BLK BAHAMA WY,San Jose Police,4/3/2021 3:12,4/3/2021,April,Saturday, 3:12,AM,1450 BAHAMA WY,San Jose,CA,37.33499,-121.83956
AGG ASSAULT,210829880,1600 BLK CHRISTOPHER ST,San Jose Police,3/23/2021 17:53,3/23/2021,March,Tuesday,17:53,PM,1650 CHRISTOPHER ST,San Jose,CA,37.33541,-121.84102
AUTO THEFT,210910746,700 BLK E WILLIAM ST,San Jose Police,4/1/2021 17:22,4/1/2021,April,Thursday,17:22,PM,750 E WILLIAM ST,San Jose,CA,37.335896,-121.869484
ASSAULT,210960088,3300 BLK FRONDA DR,San Jose Police,4/6/2021 2:28,4/6/2021,April,Tuesday, 2:28,AM,3350 FRONDA DR,San Jose,CA,37.33623,-121.79021
FORGERY/FRAUD,211069508,800 BLK MACREDES AV,San Jose Police,4/16/2021 14:49,4/16/2021,April,Friday,14:49,PM,850 MACREDES AV,San Jose,CA,37.336372,-121.85954
FORGERY/FRAUD,211039506,3200 BLK TULLY RD,San Jose Police,4/13/2021 13:24,4/13/2021,April,Tuesday,13:24,PM,3250 TULLY RD,San Jose,CA,37.33663,-121.79506
ASSAULT,210921001,1400 BLK BAL HARBOR WY,San Jose Police,4/2/2021 21:58,4/2/2021,April,Friday,21:58,PM,1450 BAL HARBOR WY,San Jose,CA,37.33667,-121.835335
ASSAULT,210980402,1100 BLK LYNN AV,San Jose Police,4/8/2021 11:30,4/8/2021,April,Thursday,11:30,AM,1150 LYNN AV,San Jose,CA,37.337032,-121.8454
AGG ASSAULT,210869809,1100 BLK LYNN AV,San Jose Police,3/27/2021 18:56,3/27/2021,March,Saturday,18:56,PM,1150 LYNN AV,San Jose,CA,37.337032,-121.8454
BURGLARY,210920122,600 BLK MACREDES AV,San Jose Police,4/2/2021 3:45,4/2/2021,April,Friday, 3:45,AM,650 MACREDES AV,San Jose,CA,37.33758,-121.86085
VANDALISM,210890698,600 BLK MACREDES AV,San Jose Police,3/30/2021 16:42,3/30/2021,March,Tuesday,16:42,PM,650 MACREDES AV,San Jose,CA,37.33758,-121.86085
AGG ASSAULT,210910328,1500 BLK STORY RD,San Jose Police,4/1/2021 9:59,4/1/2021,April,Thursday, 9:59,AM,1550 STORY RD,San Jose,CA,37.337753,-121.84579
ASSAULT,210850822,1500 BLK STORY RD,San Jose Police,3/26/2021 20:07,3/26/2021,March,Friday,20:07,PM,1550 STORY RD,San Jose,CA,37.337753,-121.84579
GRAND THEFT,210953226,800 BLK E WILLIAM ST,San Jose Police,4/5/2021 14:35,4/5/2021,April,Monday,14:35,PM,850 E WILLIAM ST,San Jose,CA,37.33786,-121.86746
BURGLARY,210910371,800 BLK E WILLIAM ST,San Jose Police,4/1/2021 10:50,4/1/2021,April,Thursday,10:50,AM,850 E WILLIAM ST,San Jose,CA,37.33786,-121.86746
ASSAULT,210819509,15 BLK S 7TH ST,San Jose Police,3/22/2021 13:20,3/22/2021,March,Monday,13:20,PM,15 BLK S 7TH ST,San Jose,CA,37.33794,-121.88326
LICENSE PLATE,210860259,1100 BLK HERALD AV,San Jose Police,3/27/2021 8:15,3/27/2021,March,Saturday, 8:15,AM,1150 HERALD AV,San Jose,CA,37.338062,-121.85679
BURGLARY,211000174,1100 BLK S KING RD,San Jose Police,4/10/2021 6:53,4/10/2021,April,Saturday, 6:53,AM,1150 S KING RD,San Jose,CA,37.33895,-121.84217
VANDALISM,210900495,1100 BLK S KING RD,San Jose Police,3/31/2021 12:41,3/31/2021,March,Wednesday,12:41,PM,1150 S KING RD,San Jose,CA,37.33895,-121.84217
ASSAULT,211000915,15 BLK S 8TH ST,San Jose Police,4/10/2021 22:28,4/10/2021,April,Saturday,22:28,PM,15 BLK S 8TH ST,San Jose,CA,37.339027,-121.88265
DISTURB PEACE,211010966,1600 BLK STORY RD,San Jose Police,4/11/2021 23:38,4/11/2021,April,Sunday,23:38,PM,1650 STORY RD,San Jose,CA,37.3391,-121.84429
VANDALISM,210960166,1600 BLK STORY RD,San Jose Police,4/6/2021 7:18,4/6/2021,April,Tuesday, 7:18,AM,1650 STORY RD,San Jose,CA,37.3391,-121.84429
AUTO THEFT,210890869,1600 BLK STORY RD,San Jose Police,3/30/2021 19:40,3/30/2021,March,Tuesday,19:40,PM,1650 STORY RD,San Jose,CA,37.3391,-121.84429
NARCOTICS,210840860,HERALD AV/REMO ST,San Jose Police,3/26/2021 11:23,3/26/2021,March,Friday,11:23,AM,HERALD AV & REMO ST,San Jose,CA,37.339336,-121.85514
NARCOTICS,210910097,1600 BLK CHABOT WY,San Jose Police,4/1/2021 3:29,4/1/2021,April,Thursday, 3:29,AM,1650 CHABOT WY,San Jose,CA,37.339775,-121.826996
CREDIT CARD,210903222,600 BLK BANFF ST,San Jose Police,3/31/2021 20:05,3/31/2021,March,Wednesday,20:05,PM,650 BANFF ST,San Jose,CA,37.340157,-121.85718
ASSAULT,211030688,1700 BLK STORY RD,San Jose Police,4/13/2021 15:40,4/13/2021,April,Tuesday,15:40,PM,1750 STORY RD,San Jose,CA,37.340588,-121.84209
ASSAULT,211039502,1700 BLK STORY RD,San Jose Police,4/13/2021 11:44,4/13/2021,April,Tuesday,11:44,AM,1750 STORY RD,San Jose,CA,37.340588,-121.84209
AGG ASSAULT,211000052,1700 BLK STORY RD,San Jose Police,4/10/2021 4:03,4/10/2021,April,Saturday, 4:03,AM,1750 STORY RD,San Jose,CA,37.340588,-121.84209
AGG ASSAULT,210890821,1700 BLK STORY RD,San Jose Police,3/30/2021 21:56,3/30/2021,March,Tuesday,21:56,PM,1750 STORY RD,San Jose,CA,37.340588,-121.84209
ARSON,210890526,1700 BLK STORY RD,San Jose Police,3/30/2021 17:44,3/30/2021,March,Tuesday,17:44,PM,1750 STORY RD,San Jose,CA,37.340588,-121.84209
PETTY THEFT,210870883,1700 BLK STORY RD,San Jose Police,3/28/2021 20:57,3/28/2021,March,Sunday,20:57,PM,1750 STORY RD,San Jose,CA,37.340588,-121.84209
VANDALISM,210840149,1700 BLK STORY RD,San Jose Police,3/25/2021 6:43,3/25/2021,March,Thursday, 6:43,AM,1750 STORY RD,San Jose,CA,37.340588,-121.84209
INDECENT EXPOSURE,210880365,15 BLK S 11TH ST,San Jose Police,3/29/2021 10:37,3/29/2021,March,Monday,10:37,AM,15 BLK S 11TH ST,San Jose,CA,37.340786,-121.879684
VANDALISM,210850775,15 BLK S 11TH ST,San Jose Police,3/26/2021 19:06,3/26/2021,March,Friday,19:06,PM,15 BLK S 11TH ST,San Jose,CA,37.340786,-121.879684
ASSAULT,210970039,1100 BLK SUNNY CT,San Jose Police,4/7/2021 0:59,4/7/2021,April,Wednesday, 0:59,AM,1150 SUNNY CT,San Jose,CA,37.340908,-121.86041
BURGLARY,210950081,1100 BLK SUNNY CT,San Jose Police,4/5/2021 3:23,4/5/2021,April,Monday, 3:23,AM,1150 SUNNY CT,San Jose,CA,37.340908,-121.86041
BURGLARY,210980493,300 BLK S 22ND ST,San Jose Police,4/8/2021 14:06,4/8/2021,April,Thursday,14:06,PM,350 S 22ND ST,San Jose,CA,37.340908,-121.864525
AUTO THEFT,210960231,15 BLK S 12TH ST,San Jose Police,4/6/2021 8:50,4/6/2021,April,Tuesday, 8:50,AM,15 BLK S 12TH ST,San Jose,CA,37.34129,-121.87876
LICENSE PLATE,210950619,500 BLK BONITA AV,San Jose Police,4/5/2021 18:19,4/5/2021,April,Monday,18:19,PM,550 BONITA AV,San Jose,CA,37.34139,-121.85621
AGG ASSAULT,210990892,1800 BLK NAPLES DR,San Jose Police,4/9/2021 21:45,4/9/2021,April,Friday,21:45,PM,1850 NAPLES DR,San Jose,CA,37.341496,-121.83915
NARCOTICS,210960910,ADRIAN WY / POPLAR DR,San Jose Police,4/6/2021 20:55,4/6/2021,April,Tuesday,20:55,PM,ADRIAN WY &  POPLAR DR,San Jose,CA,37.341537,-121.82986
AUTO THEFT,210870499,500 BLK E SANTA CLARA ST,San Jose Police,3/28/2021 15:12,3/28/2021,March,Sunday,15:12,PM,550 E SANTA CLARA ST,San Jose,CA,37.34167,-121.878975
CHECKS,210930171,1400 BLK ENDICOTT DR,San Jose Police,4/3/2021 14:33,4/3/2021,April,Saturday,14:33,PM,1450 ENDICOTT DR,San Jose,CA,37.341812,-121.82788
BURGLARY,210841033,300 BLK S 24TH ST,San Jose Police,3/25/2021 23:27,3/25/2021,March,Thursday,23:27,PM,350 S 24TH ST,San Jose,CA,37.34186,-121.8627
AUTO THEFT,210840236,2000 BLK NEWTON AV,San Jose Police,3/25/2021 8:54,3/25/2021,March,Thursday, 8:54,AM,2050 NEWTON AV,San Jose,CA,37.341877,-121.834045
BURGLARY,211000291,1800 BLK STORY RD,San Jose Police,4/10/2021 14:31,4/10/2021,April,Saturday,14:31,PM,1850 STORY RD,San Jose,CA,37.34192,-121.84012
ASSAULT,210900386,15 BLK S 14TH ST,San Jose Police,3/31/2021 17:00,3/31/2021,March,Wednesday,17:00,PM,15 BLK S 14TH ST,San Jose,CA,37.342175,-121.876884
PETTY THEFT,210890358,1200 BLK HOPKINS DR,San Jose Police,3/30/2021 9:00,3/30/2021,March,Tuesday, 9:00,AM,1250 HOPKINS DR,San Jose,CA,37.3423,-121.83623
PETTY THEFT,210813223,1800 BLK LUKE CT,San Jose Police,3/22/2021 13:33,3/22/2021,March,Monday,13:33,PM,1850 LUKE CT,San Jose,CA,37.342384,-121.8417
VANDALISM,210970043,900 BLK TENNYSON LN,San Jose Police,4/7/2021 3:30,4/7/2021,April,Wednesday, 3:30,AM,950 TENNYSON LN,San Jose,CA,37.34247,-121.844376
NARCOTICS,210890057,CATHAY DR/NAPLES DR,San Jose Police,3/30/2021 2:10,3/30/2021,March,Tuesday, 2:10,AM,CATHAY DR & NAPLES DR,San Jose,CA,37.34247,-121.83762
AGG ASSAULT,210879800,2200 BLK BARLOW AV,San Jose Police,3/28/2021 0:06,3/28/2021,March,Sunday, 0:06,AM,2250 BARLOW AV,San Jose,CA,37.342606,-121.82965
PETTY THEFT,210940671,15 BLK S 15TH ST,San Jose Police,4/4/2021 18:24,4/4/2021,April,Sunday,18:24,PM,15 BLK S 15TH ST,San Jose,CA,37.342613,-121.87595
CREDIT CARD,211039503,200 BLK S 23RD ST,San Jose Police,4/13/2021 12:34,4/13/2021,April,Tuesday,12:34,PM,250 S 23RD ST,San Jose,CA,37.34267,-121.86487
NARCOTICS,210940573,LIDO WY/ TOMLINSON LN,San Jose Police,4/4/2021 17:39,4/4/2021,April,Sunday,17:39,PM,LIDO WY & TOMLINSON LN,San Jose,CA,37.342926,-121.84257
AUTO THEFT,210921058,1200 BLK ELVIRA CT,San Jose Police,4/2/2021 22:51,4/2/2021,April,Friday,22:51,PM,1250 ELVIRA CT,San Jose,CA,37.342953,-121.83462
AGG ASSAULT,210889818,400 BLK BONITA AV,San Jose Police,3/29/2021 0:04,3/29/2021,March,Monday, 0:04,AM,450 BONITA AV,San Jose,CA,37.34301,-121.8578
FORGERY/FRAUD,210883205,15 BLK S 16TH ST,San Jose Police,3/29/2021 16:34,3/29/2021,March,Monday,16:34,PM,15 BLK S 16TH ST,San Jose,CA,37.343056,-121.87502
CREDIT CARD,210829504,100 BLK S 21ST ST,San Jose Police,3/23/2021 12:32,3/23/2021,March,Tuesday,12:32,PM,150 S 21ST ST,San Jose,CA,37.34311,-121.86811
VANDALISM,211050052,700 BLK E SANTA CLARA ST,San Jose Police,4/15/2021 2:10,4/15/2021,April,Thursday, 2:10,AM,750 E SANTA CLARA ST,San Jose,CA,37.343353,-121.87542
LICENSE PLATE,210950113,700 BLK E SANTA CLARA ST,San Jose Police,4/5/2021 5:34,4/5/2021,April,Monday, 5:34,AM,750 E SANTA CLARA ST,San Jose,CA,37.343353,-121.87542
GRAND THEFT,210880483,700 BLK E SANTA CLARA ST,San Jose Police,3/29/2021 12:39,3/29/2021,March,Monday,12:39,PM,750 E SANTA CLARA ST,San Jose,CA,37.343353,-121.87542
FORGERY/FRAUD,210819507,3400 BLK CUESTA DR,San Jose Police,3/22/2021 13:11,3/22/2021,March,Monday,13:11,PM,3450 CUESTA DR,San Jose,CA,37.343395,-121.79265
FORGERY/FRAUD,210813239,900 BLK TOMLINSON LN,San Jose Police,3/22/2021 20:21,3/22/2021,March,Monday,20:21,PM,950 TOMLINSON LN,San Jose,CA,37.343395,-121.84302
AUTO THEFT,211000154,1200 BLK KARL ST,San Jose Police,4/10/2021 5:33,4/10/2021,April,Saturday, 5:33,AM,1250 KARL ST,San Jose,CA,37.34358,-121.83297
NARCOTICS,211010358,HOPKINS DR/ STORY RD,San Jose Police,4/11/2021 10:30,4/11/2021,April,Sunday,10:30,AM,HOPKINS DR & STORY RD,San Jose,CA,37.343655,-121.83756
NARCOTICS,210940127,HOPKINS DR/ STORY RD,San Jose Police,4/4/2021 3:50,4/4/2021,April,Sunday, 3:50,AM,HOPKINS DR & STORY RD,San Jose,CA,37.343655,-121.83756
PETTY THEFT,211020290,1900 BLK POCO WY,San Jose Police,4/12/2021 9:22,4/12/2021,April,Monday, 9:22,AM,1950 POCO WY,San Jose,CA,37.343792,-121.83893
AUTO THEFT,210960701,1900 BLK POCO WY,San Jose Police,4/6/2021 16:42,4/6/2021,April,Tuesday,16:42,PM,1950 POCO WY,San Jose,CA,37.343792,-121.83893
NARCOTICS,211060090,LEEWARD/FOXDALE,San Jose Police,4/16/2021 3:09,4/16/2021,April,Friday, 3:09,AM,LEEWARD & FOXDALE,San Jose,CA,37.343834,-121.82508
NARCOTICS,210900707,CINDERELLA LN / MCCREERY AV,San Jose Police,3/31/2021 17:00,3/31/2021,March,Wednesday,17:00,PM,CINDERELLA LN &  MCCREERY AV,San Jose,CA,37.34386,-121.84235
FORGERY/FRAUD,210843217,1700 BLK SUNDOWN LN,San Jose Police,3/25/2021 16:25,3/25/2021,March,Thursday,16:25,PM,1750 SUNDOWN LN,San Jose,CA,37.34402,-121.81463
VANDALISM,211020226,2900 BLK RIDGEMONT DR,San Jose Police,4/12/2021 8:13,4/12/2021,April,Monday, 8:13,AM,2950 RIDGEMONT DR,San Jose,CA,37.344025,-121.81289
AUTO THEFT,210950604,1600 BLK VIRGINIA AV,San Jose Police,4/5/2021 18:28,4/5/2021,April,Monday,18:28,PM,1650 VIRGINIA AV,San Jose,CA,37.3442,-121.84902
AUTO THEFT,210910989,1400 BLK LEEWARD DR,San Jose Police,4/1/2021 21:16,4/1/2021,April,Thursday,21:16,PM,1450 LEEWARD DR,San Jose,CA,37.344257,-121.82562
NARCOTICS,210910652,3100 BLK COLDWATER DR,San Jose Police,4/1/2021 16:01,4/1/2021,April,Thursday,16:01,PM,3150 COLDWATER DR,San Jose,CA,37.34433,-121.8055
LICENSE PLATE,210890577,15 BLK S 19TH ST,San Jose Police,3/30/2021 14:21,3/30/2021,March,Tuesday,14:21,PM,15 BLK S 19TH ST,San Jose,CA,37.344395,-121.87221
AGG ASSAULT,210889806,15 BLK S 19TH ST,San Jose Police,3/29/2021 0:03,3/29/2021,March,Monday, 0:03,AM,15 BLK S 19TH ST,San Jose,CA,37.344395,-121.87221
AGG ASSAULT,210810591,15 BLK S 19TH ST,San Jose Police,3/22/2021 15:34,3/22/2021,March,Monday,15:34,PM,15 BLK S 19TH ST,San Jose,CA,37.344395,-121.87221
PETTY THEFT,210883213,3500 BLK BOEGER LN,San Jose Police,3/29/2021 13:58,3/29/2021,March,Monday,13:58,PM,3550 BOEGER LN,San Jose,CA,37.344418,-121.78973
ROBBERY,210970003,3000 BLK RIDGEMONT DR,San Jose Police,4/7/2021 0:06,4/7/2021,April,Wednesday, 0:06,AM,3050 RIDGEMONT DR,San Jose,CA,37.344646,-121.81214
DUI,210870888,15 BLK S 20TH ST,San Jose Police,3/28/2021 21:02,3/28/2021,March,Sunday,21:02,PM,15 BLK S 20TH ST,San Jose,CA,37.344765,-121.87129
AUTO THEFT,211030973,2100 BLK STORY RD,San Jose Police,4/13/2021 23:00,4/13/2021,April,Tuesday,23:00,PM,2150 STORY RD,San Jose,CA,37.345,-121.83556
AGG ASSAULT,210859822,2700 BLK TANGLEWOOD DR,San Jose Police,3/26/2021 20:04,3/26/2021,March,Friday,20:04,PM,2750 TANGLEWOOD DR,San Jose,CA,37.345123,-121.82035
AUTO THEFT,210850246,2000 BLK NOTTOWAY AV,San Jose Police,3/26/2021 9:39,3/26/2021,March,Friday, 9:39,AM,2050 NOTTOWAY AV,San Jose,CA,37.34523,-121.83798
PETTY THEFT,211033219,1500 BLK HERMOCILLA WY,San Jose Police,4/13/2021 10:44,4/13/2021,April,Tuesday,10:44,AM,1550 HERMOCILLA WY,San Jose,CA,37.34534,-121.85328
FORGERY/FRAUD,211069506,100 BLK S 26TH ST,San Jose Police,4/16/2021 14:28,4/16/2021,April,Friday,14:28,PM,150 S 26TH ST,San Jose,CA,37.34544,-121.86402
PETTY THEFT,211060424,1300 BLK E SAN ANTONIO ST,San Jose Police,4/16/2021 16:10,4/16/2021,April,Friday,16:10,PM,1350 E SAN ANTONIO ST,San Jose,CA,37.34549,-121.86187
ASSAULT,210880756,1300 BLK E SAN ANTONIO ST,San Jose Police,3/29/2021 17:16,3/29/2021,March,Monday,17:16,PM,1350 E SAN ANTONIO ST,San Jose,CA,37.34549,-121.86187
VANDALISM,210863215,1200 BLK WHITTON AV,San Jose Police,3/27/2021 20:14,3/27/2021,March,Saturday,20:14,PM,1250 WHITTON AV,San Jose,CA,37.34553,-121.86399
BURGLARY,210990541,2000 BLK FLINTWICK CT,San Jose Police,4/9/2021 16:00,4/9/2021,April,Friday,16:00,PM,2050 FLINTWICK CT,San Jose,CA,37.345764,-121.79287
NARCOTICS,210930287,CINDERELLA LN / NOTTOWAY AV,San Jose Police,4/3/2021 10:20,4/3/2021,April,Saturday,10:20,AM,CINDERELLA LN &  NOTTOWAY AV,San Jose,CA,37.34605,-121.83875
ASSAULT,211030771,3200 BLK ANDORA DR,San Jose Police,4/13/2021 17:00,4/13/2021,April,Tuesday,17:00,PM,3250 ANDORA DR,San Jose,CA,37.346188,-121.80353
CREDIT CARD,210829515,3200 BLK ANDORA DR,San Jose Police,3/23/2021 15:53,3/23/2021,March,Tuesday,15:53,PM,3250 ANDORA DR,San Jose,CA,37.346188,-121.80353
CREDIT CARD,210843210,15 BLK CARNEGIE SQ,San Jose Police,3/25/2021 19:48,3/25/2021,March,Thursday,19:48,PM,15 BLK CARNEGIE SQ,San Jose,CA,37.346214,-121.86747
VANDALISM,210983200,15 BLK N 21ST ST,San Jose Police,4/8/2021 15:02,4/8/2021,April,Thursday,15:02,PM,15 BLK N 21ST ST,San Jose,CA,37.346222,-121.87107
NARCOTICS,210860822,AMADOR DR / TALLAHASSEE DR,San Jose Police,3/27/2021 18:59,3/27/2021,March,Saturday,18:59,PM,AMADOR DR &  TALLAHASSEE DR,San Jose,CA,37.346256,-121.83216
AGG ASSAULT,210829870,1100 BLK SHORTRIDGE AV,San Jose Police,3/23/2021 17:55,3/23/2021,March,Tuesday,17:55,PM,1150 SHORTRIDGE AV,San Jose,CA,37.346527,-121.86635
BURGLARY,210980578,1300 BLK FOXDALE LP,San Jose Police,4/8/2021 16:06,4/8/2021,April,Thursday,16:06,PM,1350 FOXDALE LP,San Jose,CA,37.346916,-121.825005
DISTURB PEACE,210829706,1300 BLK FOXDALE LP,San Jose Police,3/23/2021 16:21,3/23/2021,March,Tuesday,16:21,PM,1350 FOXDALE LP,San Jose,CA,37.346916,-121.825005
FORGERY/FRAUD,210993206,1900 BLK LAVONNE AV,San Jose Police,4/9/2021 13:49,4/9/2021,April,Friday,13:49,PM,1950 LAVONNE AV,San Jose,CA,37.34698,-121.84328
BURGLARY,210960113,1100 BLK E SANTA CLARA ST,San Jose Police,4/6/2021 3:44,4/6/2021,April,Tuesday, 3:44,AM,1150 E SANTA CLARA ST,San Jose,CA,37.347034,-121.86766
BURGLARY,210950187,1100 BLK E SANTA CLARA ST,San Jose Police,4/5/2021 8:43,4/5/2021,April,Monday, 8:43,AM,1150 E SANTA CLARA ST,San Jose,CA,37.347034,-121.86766
AUTO THEFT,211070111,2700 BLK DUBLIN DR,San Jose Police,4/17/2021 3:50,4/17/2021,April,Saturday, 3:50,AM,2750 DUBLIN DR,San Jose,CA,37.347065,-121.822784
AUTO THEFT,210930531,2200 BLK TIARA DR,San Jose Police,4/3/2021 15:16,4/3/2021,April,Saturday,15:16,PM,2250 TIARA DR,San Jose,CA,37.347374,-121.83509
BURGLARY,210820070,2300 BLK STORY RD,San Jose Police,3/23/2021 3:08,3/23/2021,March,Tuesday, 3:08,AM,2350 STORY RD,San Jose,CA,37.347466,-121.83193
BURGLARY,210870151,1200 BLK E SANTA CLARA ST,San Jose Police,3/28/2021 4:02,3/28/2021,March,Sunday, 4:02,AM,1250 E SANTA CLARA ST,San Jose,CA,37.34783,-121.86598
GRAND THEFT,211023228,2200 BLK PACINA DR,San Jose Police,4/12/2021 20:01,4/12/2021,April,Monday,20:01,PM,2250 PACINA DR,San Jose,CA,37.34852,-121.83617
AGG ASSAULT,211050207,3500 BLK PLEASENT KNOLL DR,San Jose Police,4/15/2021 9:13,4/15/2021,April,Thursday, 9:13,AM,3550 PLEASENT KNOLL DR,San Jose,CA,37.348846,-121.79258
FORGERY/FRAUD,210819702,1600 BLK E SAN ANTONIO ST,San Jose Police,3/22/2021 10:27,3/22/2021,March,Monday,10:27,AM,1650 E SAN ANTONIO ST,San Jose,CA,37.34911,-121.85425
AGG ASSAULT,210879828,2200 BLK LYONS CT,San Jose Police,3/28/2021 0:08,3/28/2021,March,Sunday, 0:08,AM,2250 LYONS CT,San Jose,CA,37.349163,-121.83691
ASSAULT,211000193,2500 BLK STORY RD,San Jose Police,4/10/2021 10:58,4/10/2021,April,Saturday,10:58,AM,2550 STORY RD,San Jose,CA,37.349304,-121.829216
VANDALISM,210850295,1900 BLK KAMMERER AV,San Jose Police,3/26/2021 11:40,3/26/2021,March,Friday,11:40,AM,1950 KAMMERER AV,San Jose,CA,37.349323,-121.84642
AUTO THEFT,210940246,3400 BLK MARTEN AV,San Jose Police,4/4/2021 9:26,4/4/2021,April,Sunday, 9:26,AM,3450 MARTEN AV,San Jose,CA,37.349552,-121.798874
WEAPONS,210810348,3400 BLK MARTEN AV,San Jose Police,3/22/2021 11:05,3/22/2021,March,Monday,11:05,AM,3450 MARTEN AV,San Jose,CA,37.349552,-121.798874
AGG ASSAULT,210879819,400 BLK OAKLAND AV,San Jose Police,3/28/2021 0:07,3/28/2021,March,Sunday, 0:07,AM,450 OAKLAND AV,San Jose,CA,37.35007,-121.84655
ASSAULT,210950123,3200 BLK BLUE MOUNTAIN DR,San Jose Police,4/5/2021 7:27,4/5/2021,April,Monday, 7:27,AM,3250 BLUE MOUNTAIN DR,San Jose,CA,37.35022,-121.80724
ARSON,210950191,200 BLK N 24TH ST,San Jose Police,4/5/2021 8:52,4/5/2021,April,Monday, 8:52,AM,250 N 24TH ST,San Jose,CA,37.350224,-121.87088
VANDALISM,211040738,1600 BLK E SAN FERNANDO ST,San Jose Police,4/14/2021 18:20,4/14/2021,April,Wednesday,18:20,PM,1650 E SAN FERNANDO ST,San Jose,CA,37.35041,-121.85591
ASSAULT,211031050,1600 BLK E SAN FERNANDO ST,San Jose Police,4/13/2021 22:29,4/13/2021,April,Tuesday,22:29,PM,1650 E SAN FERNANDO ST,San Jose,CA,37.35041,-121.85591
FORGERY/FRAUD,210919505,3400 BLK MT ST HELENA DR,San Jose Police,4/1/2021 16:45,4/1/2021,April,Thursday,16:45,PM,3450 MT ST HELENA DR,San Jose,CA,37.350758,-121.8016
PETTY THEFT,211003222,1500 BLK ALUM ROCK AV,San Jose Police,4/10/2021 19:24,4/10/2021,April,Saturday,19:24,PM,1550 ALUM ROCK AV,San Jose,CA,37.350815,-121.8597
BURGLARY,210950232,1500 BLK ALUM ROCK AV,San Jose Police,4/5/2021 10:00,4/5/2021,April,Monday,10:00,AM,1550 ALUM ROCK AV,San Jose,CA,37.350815,-121.8597
ROBBERY,210920808,1500 BLK ALUM ROCK AV,San Jose Police,4/2/2021 18:31,4/2/2021,April,Friday,18:31,PM,1550 ALUM ROCK AV,San Jose,CA,37.350815,-121.8597
NARCOTICS,210921053,FIVE WOUNDS LN / N 30TH ST,San Jose Police,4/3/2021 3:02,4/3/2021,April,Saturday, 3:02,AM,FIVE WOUNDS LN &  N 30TH ST,San Jose,CA,37.350864,-121.86338
NARCOTICS,210860055,N 30TH ST / FIVE WOUNDS LN,San Jose Police,3/27/2021 1:00,3/27/2021,March,Saturday, 1:00,AM,N 30TH ST &  FIVE WOUNDS LN,San Jose,CA,37.350864,-121.86338
AUTO THEFT,210970276,S 33RD ST/ALUM ROCK AV,San Jose Police,4/7/2021 9:28,4/7/2021,April,Wednesday, 9:28,AM,S 33RD ST & ALUM ROCK AV,San Jose,CA,37.351135,-121.85904
NARCOTICS,210910260,KAMMERER AV / SINCLAIR DR,San Jose Police,4/1/2021 9:07,4/1/2021,April,Thursday, 9:07,AM,KAMMERER AV &  SINCLAIR DR,San Jose,CA,37.351215,-121.843666
VANDALISM,211010214,1600 BLK ALUM ROCK AV,San Jose Police,4/11/2021 4:28,4/11/2021,April,Sunday, 4:28,AM,1650 ALUM ROCK AV,San Jose,CA,37.351593,-121.858055
BURGLARY,211000159,1600 BLK ALUM ROCK AV,San Jose Police,4/10/2021 7:54,4/10/2021,April,Saturday, 7:54,AM,1650 ALUM ROCK AV,San Jose,CA,37.351593,-121.858055
BURGLARY,210990103,1600 BLK ALUM ROCK AV,San Jose Police,4/9/2021 5:05,4/9/2021,April,Friday, 5:05,AM,1650 ALUM ROCK AV,San Jose,CA,37.351593,-121.858055
NARCOTICS,210961043,1600 BLK ALUM ROCK AV,San Jose Police,4/6/2021 23:59,4/6/2021,April,Tuesday,23:59,PM,1650 ALUM ROCK AV,San Jose,CA,37.351593,-121.858055
VANDALISM,210963219,1600 BLK ALUM ROCK AV,San Jose Police,4/6/2021 18:23,4/6/2021,April,Tuesday,18:23,PM,1650 ALUM ROCK AV,San Jose,CA,37.351593,-121.858055
ASSAULT,210950683,1600 BLK ALUM ROCK AV,San Jose Police,4/5/2021 19:20,4/5/2021,April,Monday,19:20,PM,1650 ALUM ROCK AV,San Jose,CA,37.351593,-121.858055
BURGLARY,210910217,1600 BLK ALUM ROCK AV,San Jose Police,4/1/2021 9:58,4/1/2021,April,Thursday, 9:58,AM,1650 ALUM ROCK AV,San Jose,CA,37.351593,-121.858055
VANDALISM,210890539,1600 BLK ALUM ROCK AV,San Jose Police,3/30/2021 17:00,3/30/2021,March,Tuesday,17:00,PM,1650 ALUM ROCK AV,San Jose,CA,37.351593,-121.858055
NARCOTICS,210820012,1600 BLK ALUM ROCK AV,San Jose Police,3/23/2021 0:09,3/23/2021,March,Tuesday, 0:09,AM,1650 ALUM ROCK AV,San Jose,CA,37.351593,-121.858055
BURGLARY,210810451,1600 BLK ALUM ROCK AV,San Jose Police,3/22/2021 13:08,3/22/2021,March,Monday,13:08,PM,1650 ALUM ROCK AV,San Jose,CA,37.351593,-121.858055
BURGLARY,210820044,15 BLK N 33RD ST,San Jose Police,3/23/2021 1:30,3/23/2021,March,Tuesday, 1:30,AM,15 BLK N 33RD ST,San Jose,CA,37.351624,-121.85955
LICENSE PLATE,210900245,1800 BLK E SAN ANTONIO ST,San Jose Police,3/31/2021 8:57,3/31/2021,March,Wednesday, 8:57,AM,1850 E SAN ANTONIO ST,San Jose,CA,37.351646,-121.84891
AUTO THEFT,210820367,1800 BLK E SAN ANTONIO ST,San Jose Police,3/23/2021 11:31,3/23/2021,March,Tuesday,11:31,AM,1850 E SAN ANTONIO ST,San Jose,CA,37.351646,-121.84891
ASSAULT,210990028,1500 BLK MT SHASTA DR,San Jose Police,4/9/2021 0:38,4/9/2021,April,Friday, 0:38,AM,1550 MT SHASTA DR,San Jose,CA,37.351753,-121.80808
AUTO THEFT,211040516,2700 BLK STORY RD,San Jose Police,4/14/2021 15:29,4/14/2021,April,Wednesday,15:29,PM,2750 STORY RD,San Jose,CA,37.35202,-121.82526
VANDALISM,210923206,1800 BLK FLINT CREEK CT,San Jose Police,4/2/2021 15:06,4/2/2021,April,Friday,15:06,PM,1850 FLINT CREEK CT,San Jose,CA,37.35213,-121.79192
PETTY THEFT,211030012,1200 BLK E JULIAN ST,San Jose Police,4/13/2021 0:43,4/13/2021,April,Tuesday, 0:43,AM,1250 E JULIAN ST,San Jose,CA,37.352154,-121.86948
GRAND THEFT,210860462,1700 BLK ALDER CREEK CT,San Jose Police,3/27/2021 12:49,3/27/2021,March,Saturday,12:49,PM,1750 ALDER CREEK CT,San Jose,CA,37.352474,-121.79419
PETTY THEFT,210843220,600 BLK SONI CT,San Jose Police,3/25/2021 14:50,3/25/2021,March,Thursday,14:50,PM,650 SONI CT,San Jose,CA,37.352882,-121.835884
AUTO THEFT,210930761,STOWE AV/MCCREERY AV,San Jose Police,4/3/2021 19:17,4/3/2021,April,Saturday,19:17,PM,STOWE AV & MCCREERY AV,San Jose,CA,37.352947,-121.850555
AUTO THEFT,211020479,2400 BLK DOBERN AV,San Jose Police,4/12/2021 12:54,4/12/2021,April,Monday,12:54,PM,2450 DOBERN AV,San Jose,CA,37.353287,-121.835175
ASSAULT,210990386,2400 BLK DOBERN AV,San Jose Police,4/9/2021 12:48,4/9/2021,April,Friday,12:48,PM,2450 DOBERN AV,San Jose,CA,37.353287,-121.835175
PETTY THEFT,210940570,2400 BLK DOBERN AV,San Jose Police,4/4/2021 16:44,4/4/2021,April,Sunday,16:44,PM,2450 DOBERN AV,San Jose,CA,37.353287,-121.835175
GRAND THEFT,210989505,3500 BLK COLUMBINE DR,San Jose Police,4/8/2021 15:29,4/8/2021,April,Thursday,15:29,PM,3550 COLUMBINE DR,San Jose,CA,37.35339,-121.79788
AGG ASSAULT,210900525,3500 BLK COLUMBINE DR,San Jose Police,3/31/2021 18:07,3/31/2021,March,Wednesday,18:07,PM,3550 COLUMBINE DR,San Jose,CA,37.35339,-121.79788
AUTO THEFT,210910395,200 BLK PACKING PL,San Jose Police,4/1/2021 12:53,4/1/2021,April,Thursday,12:53,PM,250 PACKING PL,San Jose,CA,37.35358,-121.84198
ROBBERY,210811042,200 BLK PACKING PL,San Jose Police,3/22/2021 23:10,3/22/2021,March,Monday,23:10,PM,250 PACKING PL,San Jose,CA,37.35358,-121.84198
AUTO THEFT,211000689,15 BLK KENTUCKY PL,San Jose Police,4/10/2021 20:58,4/10/2021,April,Saturday,20:58,PM,15 BLK KENTUCKY PL,San Jose,CA,37.353737,-121.85318
BURGLARY,211040815,1800 BLK ALUM ROCK AV,San Jose Police,4/14/2021 20:04,4/14/2021,April,Wednesday,20:04,PM,1850 ALUM ROCK AV,San Jose,CA,37.3542,-121.85261
ASSAULT,210850919,3500 BLK OAKLEAF DR,San Jose Police,3/26/2021 22:07,3/26/2021,March,Friday,22:07,PM,3550 OAKLEAF DR,San Jose,CA,37.354244,-121.79727
BURGLARY,210880509,3600 BLK CLAYTON RD,San Jose Police,3/29/2021 14:23,3/29/2021,March,Monday,14:23,PM,3650 CLAYTON RD,San Jose,CA,37.354385,-121.793076
CREDIT CARD,211043210,15 BLK MCCREERY AV,San Jose Police,4/14/2021 12:07,4/14/2021,April,Wednesday,12:07,PM,15 BLK MCCREERY AV,San Jose,CA,37.354393,-121.85163
AGG ASSAULT,210920918,100 BLK MOORE DR,San Jose Police,4/2/2021 20:26,4/2/2021,April,Friday,20:26,PM,150 MOORE DR,San Jose,CA,37.354427,-121.84384
ASSAULT,210811031,FALL AV / OAKLEAF DR,San Jose Police,3/22/2021 22:50,3/22/2021,March,Monday,22:50,PM,FALL AV &  OAKLEAF DR,San Jose,CA,37.354702,-121.79869
ROBBERY,210950073,15 BLK MAGELLAN AV,San Jose Police,4/5/2021 2:54,4/5/2021,April,Monday, 2:54,AM,15 BLK MAGELLAN AV,San Jose,CA,37.354942,-121.85426
ASSAULT,210969505,1900 BLK BEVERLY BL,San Jose Police,4/6/2021 14:29,4/6/2021,April,Tuesday,14:29,PM,1950 BEVERLY BL,San Jose,CA,37.35509,-121.85301
BURGLARY,211050400,1900 BLK ALUM ROCK AV,San Jose Police,4/15/2021 14:31,4/15/2021,April,Thursday,14:31,PM,1950 ALUM ROCK AV,San Jose,CA,37.35526,-121.850334
ASSAULT,210930233,15 BLK VIA DE GUADULPE,San Jose Police,4/3/2021 9:00,4/3/2021,April,Saturday, 9:00,AM,15 BLK VIA DE GUADULPE,San Jose,CA,37.355953,-121.84613
VANDALISM,211053218,2000 BLK ALUM ROCK AV,San Jose Police,4/15/2021 11:05,4/15/2021,April,Thursday,11:05,AM,2050 ALUM ROCK AV,San Jose,CA,37.356136,-121.84849
BURGLARY,210960630,2000 BLK CASTLEBURY DR,San Jose Police,4/6/2021 15:26,4/6/2021,April,Tuesday,15:26,PM,2050 CASTLEBURY DR,San Jose,CA,37.356155,-121.85068
AUTO THEFT,210920559,200 BLK S JACKSON AV,San Jose Police,4/2/2021 14:30,4/2/2021,April,Friday,14:30,PM,250 S JACKSON AV,San Jose,CA,37.36428,-121.84916
ASSAULT,211070229,1500 BLK MOFFO CT,San Jose Police,4/17/2021 9:36,4/17/2021,April,Saturday, 9:36,AM,1550 MOFFO CT,San Jose,CA,37.3121401,-121.8261252
WEAPONS,210810991,1600 BLK S. KING ROAD,San Jose Police,3/22/2021 21:56,3/22/2021,March,Monday,21:56,PM,1650 S. KING ROAD,San Jose,CA,37.3331013,-121.8382703
VANDALISM,210850192,2400 BLK GLEN EXETER WY,San Jose Police,3/26/2021 8:13,3/26/2021,March,Friday, 8:13,AM,2450 GLEN EXETER WY,San Jose,CA,37.331432,-121.8094576
VANDALISM,211019704,2600 BLK S KING RD,San Jose Police,4/11/2021 16:30,4/11/2021,April,Sunday,16:30,PM,2650 S KING RD,San Jose,CA,37.3179084,-121.8234649
VANDALISM,210893217,2600 BLK SAND POINT DR,San Jose Police,3/30/2021 16:28,3/30/2021,March,Tuesday,16:28,PM,2650 SAND POINT DR,San Jose,CA,37.3247162,-121.8069541
FORGERY/FRAUD,211033208,2700 BLK CAMINO ECCO,San Jose Police,4/13/2021 10:31,4/13/2021,April,Tuesday,10:31,AM,2750 CAMINO ECCO,San Jose,CA,37.3132733,-121.8248411
FORGERY/FRAUD,210903223,2700 BLK WHISPERING HILLS CL,San Jose Police,3/31/2021 20:41,3/31/2021,March,Wednesday,20:41,PM,2750 WHISPERING HILLS CL,San Jose,CA,37.31973,-121.8089172
ASSAULT,211040402,2900 BLK E CAPITOL AV,San Jose Police,4/14/2021 16:38,4/14/2021,April,Wednesday,16:38,PM,2950 E CAPITOL AV,San Jose,CA,37.3300865,-121.8135071
PETTY THEFT,210970643,2900 BLK E CAPITOL EX,San Jose Police,4/7/2021 16:04,4/7/2021,April,Wednesday,16:04,PM,2950 E CAPITOL EX,San Jose,CA,37.3300865,-121.8135071
ROBBERY,211050720,2900 BLK E CAPITOL EXPY,San Jose Police,4/15/2021 18:09,4/15/2021,April,Thursday,18:09,PM,2950 E CAPITOL EXPY,San Jose,CA,37.3300865,-121.8135071
VANDALISM,210863222,ABORN RD / E CAPITOL EX,San Jose Police,3/27/2021 10:18,3/27/2021,March,Saturday,10:18,AM,ABORN RD &  E CAPITOL EX,San Jose,CA,37.311565,-121.8104307
NARCOTICS,210950840,ABORN RD/ CAPITOL EX,San Jose Police,4/5/2021 23:13,4/5/2021,April,Monday,23:13,PM,ABORN RD & CAPITOL EX,San Jose,CA,37.311565,-121.8104307
NARCOTICS,210930979,ALVIN AV / FONTAINE RD,San Jose Police,4/3/2021 22:47,4/3/2021,April,Saturday,22:47,PM,ALVIN AV &  FONTAINE RD,San Jose,CA,37.3195095,-121.8301073
ASSAULT,211000945,BERONA WY / OCALA AV,San Jose Police,4/10/2021 22:56,4/10/2021,April,Saturday,22:56,PM,BERONA WY &  OCALA AV,San Jose,CA,37.3387954,-121.825498
DRUNK PUBLIC,210920927,CAPITOL EXPWY / NIEMAN BL,San Jose Police,4/2/2021 20:30,4/2/2021,April,Friday,20:30,PM,CAPITOL EXPWY &  NIEMAN BL,San Jose,CA,37.3164669,-121.8100499
ASSAULT,211010589,CUNNINGHAM AV / CUNNINGHAM CT,San Jose Police,4/11/2021 20:24,4/11/2021,April,Sunday,20:24,PM,CUNNINGHAM AV &  CUNNINGHAM CT,San Jose,CA,37.3398489,-121.8167799
WEAPONS,211000658,CUNNINGHAM AV / HURAN DR,San Jose Police,4/10/2021 17:52,4/10/2021,April,Saturday,17:52,PM,CUNNINGHAM AV &  HURAN DR,San Jose,CA,37.3296959,-121.8318613
NARCOTICS,210880256,E CAPITOL EX / CUNNINGHAM AV,San Jose Police,3/29/2021 9:01,3/29/2021,March,Monday, 9:01,AM,E CAPITOL EX &  CUNNINGHAM AV,San Jose,CA,37.3407498,-121.8286987
NARCOTICS,210850720,E CAPITOL EX / OCALA AV,San Jose Police,3/27/2021 18:13,3/27/2021,March,Saturday,18:13,PM,E CAPITOL EX &  OCALA AV,San Jose,CA,37.3407502,-121.8221326
ASSAULT,210960099,E CAPITOL EX / TULLY RD,San Jose Police,4/6/2021 3:13,4/6/2021,April,Tuesday, 3:13,AM,E CAPITOL EX &  TULLY RD,San Jose,CA,37.3311167,-121.8150096
DUI,210810093,E CAPITOL EXPY / OCALA AV,San Jose Police,3/22/2021 2:34,3/22/2021,March,Monday, 2:34,AM,E CAPITOL EXPY &  OCALA AV,San Jose,CA,37.3407502,-121.8221326
FORGERY/FRAUD,210850321,FONTAINE RD / ALVIN AV,San Jose Police,3/26/2021 11:39,3/26/2021,March,Friday,11:39,AM,FONTAINE RD &  ALVIN AV,San Jose,CA,37.3195095,-121.8301073
AUTO THEFT,211070874,GLEN HANLEIGH DR / GLEN HARDY CT,San Jose Police,4/17/2021 23:51,4/17/2021,April,Saturday,23:51,PM,GLEN HANLEIGH DR &  GLEN HARDY CT,San Jose,CA,37.3283757,-121.8118277
NARCOTICS,210920291,KARL ST / ALFRED WY,San Jose Police,4/2/2021 10:30,4/2/2021,April,Friday,10:30,AM,KARL ST &  ALFRED WY,San Jose,CA,37.3384204,-121.8301584
DUI,210900742,OCALA AV / BERMUDA WY,San Jose Police,3/31/2021 17:26,3/31/2021,March,Wednesday,17:26,PM,OCALA AV &  BERMUDA WY,San Jose,CA,37.3320996,-121.8353186
ASSAULT,210810717,OCALA AV / CATHAY DR,San Jose Police,3/22/2021 17:29,3/22/2021,March,Monday,17:29,PM,OCALA AV &  CATHAY DR,San Jose,CA,37.3344252,-121.8319152
VANDALISM,211023220,OCALA AV / DARWIN WY,San Jose Police,4/12/2021 8:59,4/12/2021,April,Monday, 8:59,AM,OCALA AV &  DARWIN WY,San Jose,CA,37.3339625,-121.8325973
NARCOTICS,211060622,OCALA AV / E CAPITOL EXPY,San Jose Police,4/16/2021 16:47,4/16/2021,April,Friday,16:47,PM,OCALA AV &  E CAPITOL EXPY,San Jose,CA,37.3407502,-121.8221326
WEAPONS,210990704,OCALA AV/ HOPKINS DR,San Jose Police,4/9/2021 18:27,4/9/2021,April,Friday,18:27,PM,OCALA AV & HOPKINS DR,San Jose,CA,37.3348819,-121.8312412
NARCOTICS,210910806,QUIMBY RD / RIGOLETTO DR,San Jose Police,4/1/2021 18:10,4/1/2021,April,Thursday,18:10,PM,QUIMBY RD &  RIGOLETTO DR,San Jose,CA,37.3226644,-121.8181265
ASSAULT,210901029,RIGOLETTO DR / S KING RD,San Jose Police,3/31/2021 23:58,3/31/2021,March,Wednesday,23:58,PM,RIGOLETTO DR &  S KING RD,San Jose,CA,37.3187294,-121.8246195
DUI,210930055,S KING RD / HAVANA DR,San Jose Police,4/3/2021 3:23,4/3/2021,April,Saturday, 3:23,AM,S KING RD &  HAVANA DR,San Jose,CA,37.3310375,-121.8366579
NARCOTICS,211050744,S KING RD / SEMINOLE WY,San Jose Police,4/15/2021 18:31,4/15/2021,April,Thursday,18:31,PM,S KING RD &  SEMINOLE WY,San Jose,CA,37.3240534,-121.8297444
ASSAULT,210940517,S KING RD/ TULLY RD,San Jose Police,4/4/2021 15:55,4/4/2021,April,Sunday,15:55,PM,S KING RD & TULLY RD,San Jose,CA,37.3224421,-121.8281776
NARCOTICS,210990664,TULL RD/ HURAN DR,San Jose Police,4/9/2021 17:50,4/9/2021,April,Friday,17:50,PM,TULL RD & HURAN DR,San Jose,CA,37.3224421,-121.8281776
NARCOTICS,210920013,TULLY RD / HURAN DR,San Jose Police,4/2/2021 0:10,4/2/2021,April,Friday, 0:10,AM,TULLY RD &  HURAN DR,San Jose,CA,37.3238765,-121.8260198
DRUNK PUBLIC,210910015,TULLY RD / S KING RD,San Jose Police,4/1/2021 0:15,4/1/2021,April,Thursday, 0:15,AM,TULLY RD &  S KING RD,San Jose,CA,37.3224421,-121.8281776
NARCOTICS,210910526,WAVERLY AV / S KING RD,San Jose Police,4/1/2021 14:14,4/1/2021,April,Thursday,14:14,PM,WAVERLY AV &  S KING RD,San Jose,CA,37.3257575,-121.8314369
